--
-- PostgreSQL database dump
--

-- Dumped from database version 15.12 (Debian 15.12-0+deb12u2)
-- Dumped by pg_dump version 15.12 (Debian 15.12-0+deb12u2)

SET statement_timeout = 0;
SET lock_timeout = 0;
SET idle_in_transaction_session_timeout = 0;
SET client_encoding = 'UTF8';
SET standard_conforming_strings = on;
SELECT pg_catalog.set_config('search_path', '', false);
SET check_function_bodies = false;
SET xmloption = content;
SET client_min_messages = warning;
SET row_security = off;

SET default_tablespace = '';

SET default_table_access_method = heap;

--
-- Name: auth_group; Type: TABLE; Schema: public; Owner: postgres
--

CREATE TABLE public.auth_group (
    id integer NOT NULL,
    name character varying(150) NOT NULL
);


ALTER TABLE public.auth_group OWNER TO postgres;

--
-- Name: auth_group_id_seq; Type: SEQUENCE; Schema: public; Owner: postgres
--

ALTER TABLE public.auth_group ALTER COLUMN id ADD GENERATED BY DEFAULT AS IDENTITY (
    SEQUENCE NAME public.auth_group_id_seq
    START WITH 1
    INCREMENT BY 1
    NO MINVALUE
    NO MAXVALUE
    CACHE 1
);


--
-- Name: auth_group_permissions; Type: TABLE; Schema: public; Owner: postgres
--

CREATE TABLE public.auth_group_permissions (
    id bigint NOT NULL,
    group_id integer NOT NULL,
    permission_id integer NOT NULL
);


ALTER TABLE public.auth_group_permissions OWNER TO postgres;

--
-- Name: auth_group_permissions_id_seq; Type: SEQUENCE; Schema: public; Owner: postgres
--

ALTER TABLE public.auth_group_permissions ALTER COLUMN id ADD GENERATED BY DEFAULT AS IDENTITY (
    SEQUENCE NAME public.auth_group_permissions_id_seq
    START WITH 1
    INCREMENT BY 1
    NO MINVALUE
    NO MAXVALUE
    CACHE 1
);


--
-- Name: auth_permission; Type: TABLE; Schema: public; Owner: postgres
--

CREATE TABLE public.auth_permission (
    id integer NOT NULL,
    name character varying(255) NOT NULL,
    content_type_id integer NOT NULL,
    codename character varying(100) NOT NULL
);


ALTER TABLE public.auth_permission OWNER TO postgres;

--
-- Name: auth_permission_id_seq; Type: SEQUENCE; Schema: public; Owner: postgres
--

ALTER TABLE public.auth_permission ALTER COLUMN id ADD GENERATED BY DEFAULT AS IDENTITY (
    SEQUENCE NAME public.auth_permission_id_seq
    START WITH 1
    INCREMENT BY 1
    NO MINVALUE
    NO MAXVALUE
    CACHE 1
);


--
-- Name: auth_user; Type: TABLE; Schema: public; Owner: postgres
--

CREATE TABLE public.auth_user (
    id integer NOT NULL,
    password character varying(128) NOT NULL,
    last_login timestamp with time zone,
    is_superuser boolean NOT NULL,
    username character varying(150) NOT NULL,
    first_name character varying(150) NOT NULL,
    last_name character varying(150) NOT NULL,
    email character varying(254) NOT NULL,
    is_staff boolean NOT NULL,
    is_active boolean NOT NULL,
    date_joined timestamp with time zone NOT NULL
);


ALTER TABLE public.auth_user OWNER TO postgres;

--
-- Name: auth_user_groups; Type: TABLE; Schema: public; Owner: postgres
--

CREATE TABLE public.auth_user_groups (
    id bigint NOT NULL,
    user_id integer NOT NULL,
    group_id integer NOT NULL
);


ALTER TABLE public.auth_user_groups OWNER TO postgres;

--
-- Name: auth_user_groups_id_seq; Type: SEQUENCE; Schema: public; Owner: postgres
--

ALTER TABLE public.auth_user_groups ALTER COLUMN id ADD GENERATED BY DEFAULT AS IDENTITY (
    SEQUENCE NAME public.auth_user_groups_id_seq
    START WITH 1
    INCREMENT BY 1
    NO MINVALUE
    NO MAXVALUE
    CACHE 1
);


--
-- Name: auth_user_id_seq; Type: SEQUENCE; Schema: public; Owner: postgres
--

ALTER TABLE public.auth_user ALTER COLUMN id ADD GENERATED BY DEFAULT AS IDENTITY (
    SEQUENCE NAME public.auth_user_id_seq
    START WITH 1
    INCREMENT BY 1
    NO MINVALUE
    NO MAXVALUE
    CACHE 1
);


--
-- Name: auth_user_user_permissions; Type: TABLE; Schema: public; Owner: postgres
--

CREATE TABLE public.auth_user_user_permissions (
    id bigint NOT NULL,
    user_id integer NOT NULL,
    permission_id integer NOT NULL
);


ALTER TABLE public.auth_user_user_permissions OWNER TO postgres;

--
-- Name: auth_user_user_permissions_id_seq; Type: SEQUENCE; Schema: public; Owner: postgres
--

ALTER TABLE public.auth_user_user_permissions ALTER COLUMN id ADD GENERATED BY DEFAULT AS IDENTITY (
    SEQUENCE NAME public.auth_user_user_permissions_id_seq
    START WITH 1
    INCREMENT BY 1
    NO MINVALUE
    NO MAXVALUE
    CACHE 1
);


--
-- Name: calidad_equipoasociado; Type: TABLE; Schema: public; Owner: postgres
--

CREATE TABLE public.calidad_equipoasociado (
    id bigint NOT NULL,
    codigo character varying(300) NOT NULL,
    equipo character varying(300) NOT NULL,
    descripcion text NOT NULL,
    "equipoAsociado_id" bigint
);


ALTER TABLE public.calidad_equipoasociado OWNER TO postgres;

--
-- Name: calidad_equipoasociado_id_seq; Type: SEQUENCE; Schema: public; Owner: postgres
--

ALTER TABLE public.calidad_equipoasociado ALTER COLUMN id ADD GENERATED BY DEFAULT AS IDENTITY (
    SEQUENCE NAME public.calidad_equipoasociado_id_seq
    START WITH 1
    INCREMENT BY 1
    NO MINVALUE
    NO MAXVALUE
    CACHE 1
);


--
-- Name: calidad_equipos; Type: TABLE; Schema: public; Owner: postgres
--

CREATE TABLE public.calidad_equipos (
    id bigint NOT NULL,
    codigo character varying(300) NOT NULL,
    equipo character varying(300) NOT NULL,
    descripcion text NOT NULL,
    controlado boolean NOT NULL,
    "fechaCalibracion" date NOT NULL,
    "fechaCaducidadCalibracion" date NOT NULL
);


ALTER TABLE public.calidad_equipos OWNER TO postgres;

--
-- Name: calidad_equipos_ensayos; Type: TABLE; Schema: public; Owner: postgres
--

CREATE TABLE public.calidad_equipos_ensayos (
    id bigint NOT NULL,
    equipos_id bigint NOT NULL,
    listaensayos_id bigint NOT NULL
);


ALTER TABLE public.calidad_equipos_ensayos OWNER TO postgres;

--
-- Name: calidad_equipos_ensayos_id_seq; Type: SEQUENCE; Schema: public; Owner: postgres
--

ALTER TABLE public.calidad_equipos_ensayos ALTER COLUMN id ADD GENERATED BY DEFAULT AS IDENTITY (
    SEQUENCE NAME public.calidad_equipos_ensayos_id_seq
    START WITH 1
    INCREMENT BY 1
    NO MINVALUE
    NO MAXVALUE
    CACHE 1
);


--
-- Name: calidad_equipos_id_seq; Type: SEQUENCE; Schema: public; Owner: postgres
--

ALTER TABLE public.calidad_equipos ALTER COLUMN id ADD GENERATED BY DEFAULT AS IDENTITY (
    SEQUENCE NAME public.calidad_equipos_id_seq
    START WITH 1
    INCREMENT BY 1
    NO MINVALUE
    NO MAXVALUE
    CACHE 1
);


--
-- Name: django_admin_log; Type: TABLE; Schema: public; Owner: postgres
--

CREATE TABLE public.django_admin_log (
    id integer NOT NULL,
    action_time timestamp with time zone NOT NULL,
    object_id text,
    object_repr character varying(200) NOT NULL,
    action_flag smallint NOT NULL,
    change_message text NOT NULL,
    content_type_id integer,
    user_id integer NOT NULL,
    CONSTRAINT django_admin_log_action_flag_check CHECK ((action_flag >= 0))
);


ALTER TABLE public.django_admin_log OWNER TO postgres;

--
-- Name: django_admin_log_id_seq; Type: SEQUENCE; Schema: public; Owner: postgres
--

ALTER TABLE public.django_admin_log ALTER COLUMN id ADD GENERATED BY DEFAULT AS IDENTITY (
    SEQUENCE NAME public.django_admin_log_id_seq
    START WITH 1
    INCREMENT BY 1
    NO MINVALUE
    NO MAXVALUE
    CACHE 1
);


--
-- Name: django_content_type; Type: TABLE; Schema: public; Owner: postgres
--

CREATE TABLE public.django_content_type (
    id integer NOT NULL,
    app_label character varying(100) NOT NULL,
    model character varying(100) NOT NULL
);


ALTER TABLE public.django_content_type OWNER TO postgres;

--
-- Name: django_content_type_id_seq; Type: SEQUENCE; Schema: public; Owner: postgres
--

ALTER TABLE public.django_content_type ALTER COLUMN id ADD GENERATED BY DEFAULT AS IDENTITY (
    SEQUENCE NAME public.django_content_type_id_seq
    START WITH 1
    INCREMENT BY 1
    NO MINVALUE
    NO MAXVALUE
    CACHE 1
);


--
-- Name: django_migrations; Type: TABLE; Schema: public; Owner: postgres
--

CREATE TABLE public.django_migrations (
    id bigint NOT NULL,
    app character varying(255) NOT NULL,
    name character varying(255) NOT NULL,
    applied timestamp with time zone NOT NULL
);


ALTER TABLE public.django_migrations OWNER TO postgres;

--
-- Name: django_migrations_id_seq; Type: SEQUENCE; Schema: public; Owner: postgres
--

ALTER TABLE public.django_migrations ALTER COLUMN id ADD GENERATED BY DEFAULT AS IDENTITY (
    SEQUENCE NAME public.django_migrations_id_seq
    START WITH 1
    INCREMENT BY 1
    NO MINVALUE
    NO MAXVALUE
    CACHE 1
);


--
-- Name: django_session; Type: TABLE; Schema: public; Owner: postgres
--

CREATE TABLE public.django_session (
    session_key character varying(40) NOT NULL,
    session_data text NOT NULL,
    expire_date timestamp with time zone NOT NULL
);


ALTER TABLE public.django_session OWNER TO postgres;

--
-- Name: ensayos_clo; Type: TABLE; Schema: public; Owner: postgres
--

CREATE TABLE public.ensayos_clo (
    id bigint NOT NULL,
    "temperaturaAmbiente" numeric(5,2),
    humedad numeric(5,2),
    cerillas character varying(300),
    boquilla character varying(300),
    "fechaAuto" date NOT NULL,
    "fechaRev" date NOT NULL,
    resultado character varying(100),
    unidad character varying(50),
    observacion character varying(1000),
    "horasEnsayo" numeric(5,2) NOT NULL,
    ensayo_id bigint NOT NULL,
    muestra_id bigint NOT NULL,
    "fechaFin" date,
    "fechaInicio" date,
    usuario_id integer,
    "temperaturaEsfera" numeric(5,2)
);


ALTER TABLE public.ensayos_clo OWNER TO postgres;

--
-- Name: ensayos_clo_equipos; Type: TABLE; Schema: public; Owner: postgres
--

CREATE TABLE public.ensayos_clo_equipos (
    id bigint NOT NULL,
    clo_id bigint NOT NULL,
    equipos_id bigint NOT NULL
);


ALTER TABLE public.ensayos_clo_equipos OWNER TO postgres;

--
-- Name: ensayos_clo_equipos_id_seq; Type: SEQUENCE; Schema: public; Owner: postgres
--

ALTER TABLE public.ensayos_clo_equipos ALTER COLUMN id ADD GENERATED BY DEFAULT AS IDENTITY (
    SEQUENCE NAME public.ensayos_clo_equipos_id_seq
    START WITH 1
    INCREMENT BY 1
    NO MINVALUE
    NO MAXVALUE
    CACHE 1
);


--
-- Name: ensayos_clo_id_seq; Type: SEQUENCE; Schema: public; Owner: postgres
--

ALTER TABLE public.ensayos_clo ALTER COLUMN id ADD GENERATED BY DEFAULT AS IDENTITY (
    SEQUENCE NAME public.ensayos_clo_id_seq
    START WITH 1
    INCREMENT BY 1
    NO MINVALUE
    NO MAXVALUE
    CACHE 1
);


--
-- Name: ensayos_emi; Type: TABLE; Schema: public; Owner: postgres
--

CREATE TABLE public.ensayos_emi (
    id bigint NOT NULL,
    "temperaturaAmbiente" numeric(5,2),
    humedad numeric(5,2),
    presion numeric(7,2),
    inductancia character varying(100),
    "fechaAuto" date,
    "fechaRev" date,
    resultado character varying(100),
    unidad character varying(50),
    observacion character varying(1000),
    "horasEnsayo" numeric(5,2) NOT NULL,
    ensayo_id bigint NOT NULL,
    muestra_id bigint NOT NULL,
    "fechaFin" date,
    "fechaInicio" date,
    usuario_id integer
);


ALTER TABLE public.ensayos_emi OWNER TO postgres;

--
-- Name: ensayos_emi_equipos; Type: TABLE; Schema: public; Owner: postgres
--

CREATE TABLE public.ensayos_emi_equipos (
    id bigint NOT NULL,
    emi_id bigint NOT NULL,
    equipos_id bigint NOT NULL
);


ALTER TABLE public.ensayos_emi_equipos OWNER TO postgres;

--
-- Name: ensayos_emi_equipos_id_seq; Type: SEQUENCE; Schema: public; Owner: postgres
--

ALTER TABLE public.ensayos_emi_equipos ALTER COLUMN id ADD GENERATED BY DEFAULT AS IDENTITY (
    SEQUENCE NAME public.ensayos_emi_equipos_id_seq
    START WITH 1
    INCREMENT BY 1
    NO MINVALUE
    NO MAXVALUE
    CACHE 1
);


--
-- Name: ensayos_emi_id_seq; Type: SEQUENCE; Schema: public; Owner: postgres
--

ALTER TABLE public.ensayos_emi ALTER COLUMN id ADD GENERATED BY DEFAULT AS IDENTITY (
    SEQUENCE NAME public.ensayos_emi_id_seq
    START WITH 1
    INCREMENT BY 1
    NO MINVALUE
    NO MAXVALUE
    CACHE 1
);


--
-- Name: ensayos_emisin; Type: TABLE; Schema: public; Owner: postgres
--

CREATE TABLE public.ensayos_emisin (
    id bigint NOT NULL,
    "temperaturaAmbiente" numeric(5,2),
    humedad numeric(5,2),
    presion numeric(7,2),
    inductancia character varying(100),
    "fechaAuto" date,
    "fechaRev" date,
    resultado character varying(100),
    unidad character varying(50),
    observacion character varying(1000),
    "horasEnsayo" numeric(5,2) NOT NULL,
    ensayo_id bigint NOT NULL,
    muestra_id bigint NOT NULL,
    "fechaFin" date,
    "fechaInicio" date,
    usuario_id integer
);


ALTER TABLE public.ensayos_emisin OWNER TO postgres;

--
-- Name: ensayos_emisin_equipos; Type: TABLE; Schema: public; Owner: postgres
--

CREATE TABLE public.ensayos_emisin_equipos (
    id bigint NOT NULL,
    emisin_id bigint NOT NULL,
    equipos_id bigint NOT NULL
);


ALTER TABLE public.ensayos_emisin_equipos OWNER TO postgres;

--
-- Name: ensayos_emisin_equipos_id_seq; Type: SEQUENCE; Schema: public; Owner: postgres
--

ALTER TABLE public.ensayos_emisin_equipos ALTER COLUMN id ADD GENERATED BY DEFAULT AS IDENTITY (
    SEQUENCE NAME public.ensayos_emisin_equipos_id_seq
    START WITH 1
    INCREMENT BY 1
    NO MINVALUE
    NO MAXVALUE
    CACHE 1
);


--
-- Name: ensayos_emisin_id_seq; Type: SEQUENCE; Schema: public; Owner: postgres
--

ALTER TABLE public.ensayos_emisin ALTER COLUMN id ADD GENERATED BY DEFAULT AS IDENTITY (
    SEQUENCE NAME public.ensayos_emisin_id_seq
    START WITH 1
    INCREMENT BY 1
    NO MINVALUE
    NO MAXVALUE
    CACHE 1
);


--
-- Name: ensayos_granulometria; Type: TABLE; Schema: public; Owner: postgres
--

CREATE TABLE public.ensayos_granulometria (
    id bigint NOT NULL,
    "temperaturaAmbiente" numeric(5,2),
    humedad numeric(5,2),
    "fechaAuto" date,
    "fechaRev" date,
    via character varying(100),
    d10 numeric(7,3),
    d50 numeric(7,3),
    d90 numeric(7,3),
    resultado numeric(7,3),
    unidad character varying(50),
    archivo character varying(100) NOT NULL,
    "horasEnsayo" numeric(5,2) NOT NULL,
    ensayo_id bigint NOT NULL,
    muestra_id bigint NOT NULL,
    "fechaFin" date,
    "fechaInicio" date,
    usuario_id integer
);


ALTER TABLE public.ensayos_granulometria OWNER TO postgres;

--
-- Name: ensayos_granulometria_equipos; Type: TABLE; Schema: public; Owner: postgres
--

CREATE TABLE public.ensayos_granulometria_equipos (
    id bigint NOT NULL,
    granulometria_id bigint NOT NULL,
    equipos_id bigint NOT NULL
);


ALTER TABLE public.ensayos_granulometria_equipos OWNER TO postgres;

--
-- Name: ensayos_granulometria_equipos_id_seq; Type: SEQUENCE; Schema: public; Owner: postgres
--

ALTER TABLE public.ensayos_granulometria_equipos ALTER COLUMN id ADD GENERATED BY DEFAULT AS IDENTITY (
    SEQUENCE NAME public.ensayos_granulometria_equipos_id_seq
    START WITH 1
    INCREMENT BY 1
    NO MINVALUE
    NO MAXVALUE
    CACHE 1
);


--
-- Name: ensayos_granulometria_id_seq; Type: SEQUENCE; Schema: public; Owner: postgres
--

ALTER TABLE public.ensayos_granulometria ALTER COLUMN id ADD GENERATED BY DEFAULT AS IDENTITY (
    SEQUENCE NAME public.ensayos_granulometria_id_seq
    START WITH 1
    INCREMENT BY 1
    NO MINVALUE
    NO MAXVALUE
    CACHE 1
);


--
-- Name: ensayos_humedad; Type: TABLE; Schema: public; Owner: postgres
--

CREATE TABLE public.ensayos_humedad (
    id bigint NOT NULL,
    "temperaturaAmbiente" numeric(5,2),
    humedad numeric(4,2),
    criterio character varying(50),
    "tDesecacion" integer,
    desviacion numeric(5,2),
    "tiempoEnsayo" numeric(5,2),
    observacion character varying(1000),
    "fechaAuto" date,
    "fechaRev" date,
    resultado character varying(100),
    unidad character varying(50),
    "horasEnsayo" numeric(5,2) NOT NULL,
    ensayo_id bigint NOT NULL,
    muestra_id bigint NOT NULL,
    "fechaFin" date,
    "fechaInicio" date,
    usuario_id integer
);


ALTER TABLE public.ensayos_humedad OWNER TO postgres;

--
-- Name: ensayos_humedad_equipos; Type: TABLE; Schema: public; Owner: postgres
--

CREATE TABLE public.ensayos_humedad_equipos (
    id bigint NOT NULL,
    humedad_id bigint NOT NULL,
    equipos_id bigint NOT NULL
);


ALTER TABLE public.ensayos_humedad_equipos OWNER TO postgres;

--
-- Name: ensayos_humedad_equipos_id_seq; Type: SEQUENCE; Schema: public; Owner: postgres
--

ALTER TABLE public.ensayos_humedad_equipos ALTER COLUMN id ADD GENERATED BY DEFAULT AS IDENTITY (
    SEQUENCE NAME public.ensayos_humedad_equipos_id_seq
    START WITH 1
    INCREMENT BY 1
    NO MINVALUE
    NO MAXVALUE
    CACHE 1
);


--
-- Name: ensayos_humedad_id_seq; Type: SEQUENCE; Schema: public; Owner: postgres
--

ALTER TABLE public.ensayos_humedad ALTER COLUMN id ADD GENERATED BY DEFAULT AS IDENTITY (
    SEQUENCE NAME public.ensayos_humedad_id_seq
    START WITH 1
    INCREMENT BY 1
    NO MINVALUE
    NO MAXVALUE
    CACHE 1
);


--
-- Name: ensayos_lie; Type: TABLE; Schema: public; Owner: postgres
--

CREATE TABLE public.ensayos_lie (
    id bigint NOT NULL,
    "temperaturaAmbiente" numeric(5,2),
    humedad numeric(5,2),
    cerillas character varying(300),
    boquilla character varying(300),
    "fechaAuto" date NOT NULL,
    "fechaRev" date NOT NULL,
    resultado character varying(100),
    unidad character varying(50),
    observacion character varying(1000),
    "horasEnsayo" numeric(5,2) NOT NULL,
    ensayo_id bigint NOT NULL,
    muestra_id bigint NOT NULL,
    "fechaFin" date,
    "fechaInicio" date,
    usuario_id integer,
    "temperaturaEsfera" numeric(5,2)
);


ALTER TABLE public.ensayos_lie OWNER TO postgres;

--
-- Name: ensayos_lie_equipos; Type: TABLE; Schema: public; Owner: postgres
--

CREATE TABLE public.ensayos_lie_equipos (
    id bigint NOT NULL,
    lie_id bigint NOT NULL,
    equipos_id bigint NOT NULL
);


ALTER TABLE public.ensayos_lie_equipos OWNER TO postgres;

--
-- Name: ensayos_lie_equipos_id_seq; Type: SEQUENCE; Schema: public; Owner: postgres
--

ALTER TABLE public.ensayos_lie_equipos ALTER COLUMN id ADD GENERATED BY DEFAULT AS IDENTITY (
    SEQUENCE NAME public.ensayos_lie_equipos_id_seq
    START WITH 1
    INCREMENT BY 1
    NO MINVALUE
    NO MAXVALUE
    CACHE 1
);


--
-- Name: ensayos_lie_id_seq; Type: SEQUENCE; Schema: public; Owner: postgres
--

ALTER TABLE public.ensayos_lie ALTER COLUMN id ADD GENERATED BY DEFAULT AS IDENTITY (
    SEQUENCE NAME public.ensayos_lie_id_seq
    START WITH 1
    INCREMENT BY 1
    NO MINVALUE
    NO MAXVALUE
    CACHE 1
);


--
-- Name: ensayos_n1; Type: TABLE; Schema: public; Owner: postgres
--

CREATE TABLE public.ensayos_n1 (
    id bigint NOT NULL,
    "temperaturaAmbiente" numeric(5,2),
    humedad numeric(5,2),
    "tipoPolvo" character varying(300),
    "pruebaPreseleccion" character varying(100),
    resultado character varying(100),
    "fechaAuto" date NOT NULL,
    "fechaRev" date NOT NULL,
    observacion character varying(1000),
    "horasEnsayo" numeric(5,2) NOT NULL,
    ensayo_id bigint NOT NULL,
    muestra_id bigint NOT NULL,
    "fechaFin" date,
    "fechaInicio" date,
    usuario_id integer
);


ALTER TABLE public.ensayos_n1 OWNER TO postgres;

--
-- Name: ensayos_n1_equipos; Type: TABLE; Schema: public; Owner: postgres
--

CREATE TABLE public.ensayos_n1_equipos (
    id bigint NOT NULL,
    n1_id bigint NOT NULL,
    equipos_id bigint NOT NULL
);


ALTER TABLE public.ensayos_n1_equipos OWNER TO postgres;

--
-- Name: ensayos_n1_equipos_id_seq; Type: SEQUENCE; Schema: public; Owner: postgres
--

ALTER TABLE public.ensayos_n1_equipos ALTER COLUMN id ADD GENERATED BY DEFAULT AS IDENTITY (
    SEQUENCE NAME public.ensayos_n1_equipos_id_seq
    START WITH 1
    INCREMENT BY 1
    NO MINVALUE
    NO MAXVALUE
    CACHE 1
);


--
-- Name: ensayos_n1_id_seq; Type: SEQUENCE; Schema: public; Owner: postgres
--

ALTER TABLE public.ensayos_n1 ALTER COLUMN id ADD GENERATED BY DEFAULT AS IDENTITY (
    SEQUENCE NAME public.ensayos_n1_id_seq
    START WITH 1
    INCREMENT BY 1
    NO MINVALUE
    NO MAXVALUE
    CACHE 1
);


--
-- Name: ensayos_n2; Type: TABLE; Schema: public; Owner: postgres
--

CREATE TABLE public.ensayos_n2 (
    id bigint NOT NULL,
    "temperaturaAmbiente" numeric(5,2),
    humedad numeric(5,2),
    "fechaRev" date NOT NULL,
    resultado character varying(100),
    observacion character varying(1000),
    "horasEnsayo" numeric(5,2) NOT NULL,
    ensayo_id bigint NOT NULL,
    muestra_id bigint NOT NULL,
    "fechaFin" date,
    "fechaInicio" date,
    usuario_id integer
);


ALTER TABLE public.ensayos_n2 OWNER TO postgres;

--
-- Name: ensayos_n2_equipos; Type: TABLE; Schema: public; Owner: postgres
--

CREATE TABLE public.ensayos_n2_equipos (
    id bigint NOT NULL,
    n2_id bigint NOT NULL,
    equipos_id bigint NOT NULL
);


ALTER TABLE public.ensayos_n2_equipos OWNER TO postgres;

--
-- Name: ensayos_n2_equipos_id_seq; Type: SEQUENCE; Schema: public; Owner: postgres
--

ALTER TABLE public.ensayos_n2_equipos ALTER COLUMN id ADD GENERATED BY DEFAULT AS IDENTITY (
    SEQUENCE NAME public.ensayos_n2_equipos_id_seq
    START WITH 1
    INCREMENT BY 1
    NO MINVALUE
    NO MAXVALUE
    CACHE 1
);


--
-- Name: ensayos_n2_id_seq; Type: SEQUENCE; Schema: public; Owner: postgres
--

ALTER TABLE public.ensayos_n2 ALTER COLUMN id ADD GENERATED BY DEFAULT AS IDENTITY (
    SEQUENCE NAME public.ensayos_n2_id_seq
    START WITH 1
    INCREMENT BY 1
    NO MINVALUE
    NO MAXVALUE
    CACHE 1
);


--
-- Name: ensayos_n4; Type: TABLE; Schema: public; Owner: postgres
--

CREATE TABLE public.ensayos_n4 (
    id bigint NOT NULL,
    "temperaturaAmbiente" numeric(5,2),
    humedad numeric(5,2),
    "fechaAuto" date NOT NULL,
    "fechaRev" date NOT NULL,
    resultado character varying(100),
    observacion character varying(1000),
    "horasEnsayo" numeric(5,2) NOT NULL,
    ensayo_id bigint NOT NULL,
    muestra_id bigint NOT NULL,
    "fechaFin" date,
    "fechaInicio" date,
    usuario_id integer
);


ALTER TABLE public.ensayos_n4 OWNER TO postgres;

--
-- Name: ensayos_n4_equipos; Type: TABLE; Schema: public; Owner: postgres
--

CREATE TABLE public.ensayos_n4_equipos (
    id bigint NOT NULL,
    n4_id bigint NOT NULL,
    equipos_id bigint NOT NULL
);


ALTER TABLE public.ensayos_n4_equipos OWNER TO postgres;

--
-- Name: ensayos_n4_equipos_id_seq; Type: SEQUENCE; Schema: public; Owner: postgres
--

ALTER TABLE public.ensayos_n4_equipos ALTER COLUMN id ADD GENERATED BY DEFAULT AS IDENTITY (
    SEQUENCE NAME public.ensayos_n4_equipos_id_seq
    START WITH 1
    INCREMENT BY 1
    NO MINVALUE
    NO MAXVALUE
    CACHE 1
);


--
-- Name: ensayos_n4_id_seq; Type: SEQUENCE; Schema: public; Owner: postgres
--

ALTER TABLE public.ensayos_n4 ALTER COLUMN id ADD GENERATED BY DEFAULT AS IDENTITY (
    SEQUENCE NAME public.ensayos_n4_id_seq
    START WITH 1
    INCREMENT BY 1
    NO MINVALUE
    NO MAXVALUE
    CACHE 1
);


--
-- Name: ensayos_o1; Type: TABLE; Schema: public; Owner: postgres
--

CREATE TABLE public.ensayos_o1 (
    id bigint NOT NULL,
    "temperaturaAmbiente" numeric(5,2),
    humedad numeric(5,2),
    "ensayoHumedad" character varying(100),
    "fechaAuto" date,
    "fechaRev" date,
    resultado character varying(50),
    observacion character varying(1000),
    "horasEnsayo" numeric(5,2) NOT NULL,
    ensayo_id bigint NOT NULL,
    muestra_id bigint NOT NULL,
    "fechaFin" date,
    "fechaInicio" date,
    usuario_id integer
);


ALTER TABLE public.ensayos_o1 OWNER TO postgres;

--
-- Name: ensayos_o1_equipos; Type: TABLE; Schema: public; Owner: postgres
--

CREATE TABLE public.ensayos_o1_equipos (
    id bigint NOT NULL,
    o1_id bigint NOT NULL,
    equipos_id bigint NOT NULL
);


ALTER TABLE public.ensayos_o1_equipos OWNER TO postgres;

--
-- Name: ensayos_o1_equipos_id_seq; Type: SEQUENCE; Schema: public; Owner: postgres
--

ALTER TABLE public.ensayos_o1_equipos ALTER COLUMN id ADD GENERATED BY DEFAULT AS IDENTITY (
    SEQUENCE NAME public.ensayos_o1_equipos_id_seq
    START WITH 1
    INCREMENT BY 1
    NO MINVALUE
    NO MAXVALUE
    CACHE 1
);


--
-- Name: ensayos_o1_id_seq; Type: SEQUENCE; Schema: public; Owner: postgres
--

ALTER TABLE public.ensayos_o1 ALTER COLUMN id ADD GENERATED BY DEFAULT AS IDENTITY (
    SEQUENCE NAME public.ensayos_o1_id_seq
    START WITH 1
    INCREMENT BY 1
    NO MINVALUE
    NO MAXVALUE
    CACHE 1
);


--
-- Name: ensayos_pmax; Type: TABLE; Schema: public; Owner: postgres
--

CREATE TABLE public.ensayos_pmax (
    id bigint NOT NULL,
    "temperaturaAmbiente" numeric(5,2),
    humedad numeric(5,2),
    cerillas character varying(300),
    boquilla character varying(300),
    "fechaAuto" date NOT NULL,
    "fechaRev" date NOT NULL,
    pmax numeric(4,1),
    dpdt integer,
    kmax integer,
    "unidadPmax" character varying(50),
    "unidadDpdt" character varying(50),
    observacion character varying(1000),
    "horasEnsayo" numeric(5,2) NOT NULL,
    ensayo_id bigint NOT NULL,
    muestra_id bigint NOT NULL,
    "fechaFin" date,
    "fechaInicio" date,
    usuario_id integer,
    "temperaturaEsfera" numeric(5,2)
);


ALTER TABLE public.ensayos_pmax OWNER TO postgres;

--
-- Name: ensayos_pmax_equipos; Type: TABLE; Schema: public; Owner: postgres
--

CREATE TABLE public.ensayos_pmax_equipos (
    id bigint NOT NULL,
    pmax_id bigint NOT NULL,
    equipos_id bigint NOT NULL
);


ALTER TABLE public.ensayos_pmax_equipos OWNER TO postgres;

--
-- Name: ensayos_pmax_equipos_id_seq; Type: SEQUENCE; Schema: public; Owner: postgres
--

ALTER TABLE public.ensayos_pmax_equipos ALTER COLUMN id ADD GENERATED BY DEFAULT AS IDENTITY (
    SEQUENCE NAME public.ensayos_pmax_equipos_id_seq
    START WITH 1
    INCREMENT BY 1
    NO MINVALUE
    NO MAXVALUE
    CACHE 1
);


--
-- Name: ensayos_pmax_id_seq; Type: SEQUENCE; Schema: public; Owner: postgres
--

ALTER TABLE public.ensayos_pmax ALTER COLUMN id ADD GENERATED BY DEFAULT AS IDENTITY (
    SEQUENCE NAME public.ensayos_pmax_id_seq
    START WITH 1
    INCREMENT BY 1
    NO MINVALUE
    NO MAXVALUE
    CACHE 1
);


--
-- Name: ensayos_rec; Type: TABLE; Schema: public; Owner: postgres
--

CREATE TABLE public.ensayos_rec (
    id bigint NOT NULL,
    "temperaturaAmbiente" numeric(5,2),
    humedad numeric(5,2),
    "fechaAuto" date NOT NULL,
    "fechaRev" date NOT NULL,
    resultado numeric(20,2),
    unidad character varying(50),
    observacion character varying(1000),
    "horasEnsayo" numeric(5,2) NOT NULL,
    ensayo_id bigint NOT NULL,
    muestra_id bigint NOT NULL,
    "fechaFin" date,
    "fechaInicio" date,
    usuario_id integer,
    presion numeric(7,2)
);


ALTER TABLE public.ensayos_rec OWNER TO postgres;

--
-- Name: ensayos_rec_equipos; Type: TABLE; Schema: public; Owner: postgres
--

CREATE TABLE public.ensayos_rec_equipos (
    id bigint NOT NULL,
    rec_id bigint NOT NULL,
    equipos_id bigint NOT NULL
);


ALTER TABLE public.ensayos_rec_equipos OWNER TO postgres;

--
-- Name: ensayos_rec_equipos_id_seq; Type: SEQUENCE; Schema: public; Owner: postgres
--

ALTER TABLE public.ensayos_rec_equipos ALTER COLUMN id ADD GENERATED BY DEFAULT AS IDENTITY (
    SEQUENCE NAME public.ensayos_rec_equipos_id_seq
    START WITH 1
    INCREMENT BY 1
    NO MINVALUE
    NO MAXVALUE
    CACHE 1
);


--
-- Name: ensayos_rec_id_seq; Type: SEQUENCE; Schema: public; Owner: postgres
--

ALTER TABLE public.ensayos_rec ALTER COLUMN id ADD GENERATED BY DEFAULT AS IDENTITY (
    SEQUENCE NAME public.ensayos_rec_id_seq
    START WITH 1
    INCREMENT BY 1
    NO MINVALUE
    NO MAXVALUE
    CACHE 1
);


--
-- Name: ensayos_resultadosclo; Type: TABLE; Schema: public; Owner: postgres
--

CREATE TABLE public.ensayos_resultadosclo (
    id bigint NOT NULL,
    concentracion integer NOT NULL,
    peso numeric(5,2) NOT NULL,
    pex numeric(5,2) NOT NULL,
    pm numeric(5,2) NOT NULL,
    dpdt integer NOT NULL,
    oxigeno integer NOT NULL,
    resultado character varying(300) NOT NULL,
    ensayo_id bigint NOT NULL
);


ALTER TABLE public.ensayos_resultadosclo OWNER TO postgres;

--
-- Name: ensayos_resultadosclo_id_seq; Type: SEQUENCE; Schema: public; Owner: postgres
--

ALTER TABLE public.ensayos_resultadosclo ALTER COLUMN id ADD GENERATED BY DEFAULT AS IDENTITY (
    SEQUENCE NAME public.ensayos_resultadosclo_id_seq
    START WITH 1
    INCREMENT BY 1
    NO MINVALUE
    NO MAXVALUE
    CACHE 1
);


--
-- Name: ensayos_resultadosemi; Type: TABLE; Schema: public; Owner: postgres
--

CREATE TABLE public.ensayos_resultadosemi (
    id bigint NOT NULL,
    concentracion integer NOT NULL,
    energia integer NOT NULL,
    retardo integer NOT NULL,
    resultado character varying(300) NOT NULL,
    "numeroEnsayo" integer NOT NULL,
    ensayo_id bigint NOT NULL
);


ALTER TABLE public.ensayos_resultadosemi OWNER TO postgres;

--
-- Name: ensayos_resultadosemi_id_seq; Type: SEQUENCE; Schema: public; Owner: postgres
--

ALTER TABLE public.ensayos_resultadosemi ALTER COLUMN id ADD GENERATED BY DEFAULT AS IDENTITY (
    SEQUENCE NAME public.ensayos_resultadosemi_id_seq
    START WITH 1
    INCREMENT BY 1
    NO MINVALUE
    NO MAXVALUE
    CACHE 1
);


--
-- Name: ensayos_resultadosemisin; Type: TABLE; Schema: public; Owner: postgres
--

CREATE TABLE public.ensayos_resultadosemisin (
    id bigint NOT NULL,
    concentracion integer NOT NULL,
    energia integer NOT NULL,
    retardo integer NOT NULL,
    resultado character varying(300) NOT NULL,
    "numeroEnsayo" integer NOT NULL,
    ensayo_id bigint NOT NULL
);


ALTER TABLE public.ensayos_resultadosemisin OWNER TO postgres;

--
-- Name: ensayos_resultadosemisin_id_seq; Type: SEQUENCE; Schema: public; Owner: postgres
--

ALTER TABLE public.ensayos_resultadosemisin ALTER COLUMN id ADD GENERATED BY DEFAULT AS IDENTITY (
    SEQUENCE NAME public.ensayos_resultadosemisin_id_seq
    START WITH 1
    INCREMENT BY 1
    NO MINVALUE
    NO MAXVALUE
    CACHE 1
);


--
-- Name: ensayos_resultadoshumedad; Type: TABLE; Schema: public; Owner: postgres
--

CREATE TABLE public.ensayos_resultadoshumedad (
    id bigint NOT NULL,
    resultado character varying(100) NOT NULL,
    ensayo_id bigint NOT NULL
);


ALTER TABLE public.ensayos_resultadoshumedad OWNER TO postgres;

--
-- Name: ensayos_resultadoshumedad_id_seq; Type: SEQUENCE; Schema: public; Owner: postgres
--

ALTER TABLE public.ensayos_resultadoshumedad ALTER COLUMN id ADD GENERATED BY DEFAULT AS IDENTITY (
    SEQUENCE NAME public.ensayos_resultadoshumedad_id_seq
    START WITH 1
    INCREMENT BY 1
    NO MINVALUE
    NO MAXVALUE
    CACHE 1
);


--
-- Name: ensayos_resultadoslie; Type: TABLE; Schema: public; Owner: postgres
--

CREATE TABLE public.ensayos_resultadoslie (
    id bigint NOT NULL,
    concentracion integer NOT NULL,
    peso numeric(5,2) NOT NULL,
    pex numeric(5,2) NOT NULL,
    pm numeric(5,2) NOT NULL,
    dpdt integer NOT NULL,
    resultado character varying(300) NOT NULL,
    ensayo_id bigint NOT NULL
);


ALTER TABLE public.ensayos_resultadoslie OWNER TO postgres;

--
-- Name: ensayos_resultadoslie_id_seq; Type: SEQUENCE; Schema: public; Owner: postgres
--

ALTER TABLE public.ensayos_resultadoslie ALTER COLUMN id ADD GENERATED BY DEFAULT AS IDENTITY (
    SEQUENCE NAME public.ensayos_resultadoslie_id_seq
    START WITH 1
    INCREMENT BY 1
    NO MINVALUE
    NO MAXVALUE
    CACHE 1
);


--
-- Name: ensayos_resultadosn1; Type: TABLE; Schema: public; Owner: postgres
--

CREATE TABLE public.ensayos_resultadosn1 (
    id bigint NOT NULL,
    tiempo integer,
    "zonaHumeda" character varying(100),
    ensayo_id bigint NOT NULL
);


ALTER TABLE public.ensayos_resultadosn1 OWNER TO postgres;

--
-- Name: ensayos_resultadosn1_id_seq; Type: SEQUENCE; Schema: public; Owner: postgres
--

ALTER TABLE public.ensayos_resultadosn1 ALTER COLUMN id ADD GENERATED BY DEFAULT AS IDENTITY (
    SEQUENCE NAME public.ensayos_resultadosn1_id_seq
    START WITH 1
    INCREMENT BY 1
    NO MINVALUE
    NO MAXVALUE
    CACHE 1
);


--
-- Name: ensayos_resultadosn2; Type: TABLE; Schema: public; Owner: postgres
--

CREATE TABLE public.ensayos_resultadosn2 (
    id bigint NOT NULL,
    resultado character varying(300) NOT NULL,
    ensayo_id bigint NOT NULL
);


ALTER TABLE public.ensayos_resultadosn2 OWNER TO postgres;

--
-- Name: ensayos_resultadosn2_id_seq; Type: SEQUENCE; Schema: public; Owner: postgres
--

ALTER TABLE public.ensayos_resultadosn2 ALTER COLUMN id ADD GENERATED BY DEFAULT AS IDENTITY (
    SEQUENCE NAME public.ensayos_resultadosn2_id_seq
    START WITH 1
    INCREMENT BY 1
    NO MINVALUE
    NO MAXVALUE
    CACHE 1
);


--
-- Name: ensayos_resultadosn4; Type: TABLE; Schema: public; Owner: postgres
--

CREATE TABLE public.ensayos_resultadosn4 (
    id bigint NOT NULL,
    celda character varying(300) NOT NULL,
    "tConsigna" character varying(300) NOT NULL,
    "tMax" numeric(6,2) NOT NULL,
    tiempo integer NOT NULL,
    resultado character varying(300) NOT NULL,
    ensayo_id bigint NOT NULL
);


ALTER TABLE public.ensayos_resultadosn4 OWNER TO postgres;

--
-- Name: ensayos_resultadosn4_id_seq; Type: SEQUENCE; Schema: public; Owner: postgres
--

ALTER TABLE public.ensayos_resultadosn4 ALTER COLUMN id ADD GENERATED BY DEFAULT AS IDENTITY (
    SEQUENCE NAME public.ensayos_resultadosn4_id_seq
    START WITH 1
    INCREMENT BY 1
    NO MINVALUE
    NO MAXVALUE
    CACHE 1
);


--
-- Name: ensayos_resultadoso1; Type: TABLE; Schema: public; Owner: postgres
--

CREATE TABLE public.ensayos_resultadoso1 (
    id bigint NOT NULL,
    "ensayoReferencia" boolean NOT NULL,
    proporcion character varying(300) NOT NULL,
    tiempo1 integer NOT NULL,
    tiempo2 integer NOT NULL,
    tiempo3 integer NOT NULL,
    tiempo4 integer NOT NULL,
    tiempo5 integer NOT NULL,
    resultado integer,
    ensayo_id bigint NOT NULL
);


ALTER TABLE public.ensayos_resultadoso1 OWNER TO postgres;

--
-- Name: ensayos_resultadoso1_id_seq; Type: SEQUENCE; Schema: public; Owner: postgres
--

ALTER TABLE public.ensayos_resultadoso1 ALTER COLUMN id ADD GENERATED BY DEFAULT AS IDENTITY (
    SEQUENCE NAME public.ensayos_resultadoso1_id_seq
    START WITH 1
    INCREMENT BY 1
    NO MINVALUE
    NO MAXVALUE
    CACHE 1
);


--
-- Name: ensayos_resultadospmax; Type: TABLE; Schema: public; Owner: postgres
--

CREATE TABLE public.ensayos_resultadospmax (
    id bigint NOT NULL,
    concentracion integer NOT NULL,
    peso integer NOT NULL,
    serie character varying(300) NOT NULL,
    pm numeric(7,1) NOT NULL,
    dpdt integer NOT NULL,
    ensayo_id bigint NOT NULL
);


ALTER TABLE public.ensayos_resultadospmax OWNER TO postgres;

--
-- Name: ensayos_resultadospmax_id_seq; Type: SEQUENCE; Schema: public; Owner: postgres
--

ALTER TABLE public.ensayos_resultadospmax ALTER COLUMN id ADD GENERATED BY DEFAULT AS IDENTITY (
    SEQUENCE NAME public.ensayos_resultadospmax_id_seq
    START WITH 1
    INCREMENT BY 1
    NO MINVALUE
    NO MAXVALUE
    CACHE 1
);


--
-- Name: ensayos_resultadosrec; Type: TABLE; Schema: public; Owner: postgres
--

CREATE TABLE public.ensayos_resultadosrec (
    id bigint NOT NULL,
    tension integer,
    tiempo integer NOT NULL,
    resultado numeric(20,2),
    ensayo_id bigint NOT NULL,
    "nPrueba" character varying(50) NOT NULL
);


ALTER TABLE public.ensayos_resultadosrec OWNER TO postgres;

--
-- Name: ensayos_resultadosrec_id_seq; Type: SEQUENCE; Schema: public; Owner: postgres
--

ALTER TABLE public.ensayos_resultadosrec ALTER COLUMN id ADD GENERATED BY DEFAULT AS IDENTITY (
    SEQUENCE NAME public.ensayos_resultadosrec_id_seq
    START WITH 1
    INCREMENT BY 1
    NO MINVALUE
    NO MAXVALUE
    CACHE 1
);


--
-- Name: ensayos_resultadostmic; Type: TABLE; Schema: public; Owner: postgres
--

CREATE TABLE public.ensayos_resultadostmic (
    id bigint NOT NULL,
    "tPlato" numeric(5,2),
    "tMaxima" numeric(5,2),
    resultado character varying(300),
    "tipoIgnicion" character varying(300),
    "tiempoPrueba" numeric(5,2),
    "tiempoTmax" numeric(5,2),
    ensayo_id bigint NOT NULL
);


ALTER TABLE public.ensayos_resultadostmic OWNER TO postgres;

--
-- Name: ensayos_resultadostmic_id_seq; Type: SEQUENCE; Schema: public; Owner: postgres
--

ALTER TABLE public.ensayos_resultadostmic ALTER COLUMN id ADD GENERATED BY DEFAULT AS IDENTITY (
    SEQUENCE NAME public.ensayos_resultadostmic_id_seq
    START WITH 1
    INCREMENT BY 1
    NO MINVALUE
    NO MAXVALUE
    CACHE 1
);


--
-- Name: ensayos_resultadostmin; Type: TABLE; Schema: public; Owner: postgres
--

CREATE TABLE public.ensayos_resultadostmin (
    id bigint NOT NULL,
    "tHorno" numeric(5,2) NOT NULL,
    peso numeric(5,2) NOT NULL,
    presion numeric(5,2) NOT NULL,
    resultado character varying(300) NOT NULL,
    ensayo_id bigint NOT NULL,
    repeticiones integer
);


ALTER TABLE public.ensayos_resultadostmin OWNER TO postgres;

--
-- Name: ensayos_resultadostmin_id_seq; Type: SEQUENCE; Schema: public; Owner: postgres
--

ALTER TABLE public.ensayos_resultadostmin ALTER COLUMN id ADD GENERATED BY DEFAULT AS IDENTITY (
    SEQUENCE NAME public.ensayos_resultadostmin_id_seq
    START WITH 1
    INCREMENT BY 1
    NO MINVALUE
    NO MAXVALUE
    CACHE 1
);


--
-- Name: ensayos_tmic; Type: TABLE; Schema: public; Owner: postgres
--

CREATE TABLE public.ensayos_tmic (
    id bigint NOT NULL,
    "temperaturaAmbiente" numeric(5,2),
    humedad numeric(5,2),
    "tiempoMaxEnsayo" numeric(5,2),
    "fechaAuto" date,
    "fechaRev" date,
    resultado character varying(100),
    funde character varying(50),
    unidad character varying(50),
    observacion character varying(1000),
    "horasEnsayo" numeric(5,2) NOT NULL,
    ensayo_id bigint NOT NULL,
    muestra_id bigint NOT NULL,
    "fechaFin" date,
    "fechaInicio" date,
    usuario_id integer,
    presion numeric(7,2)
);


ALTER TABLE public.ensayos_tmic OWNER TO postgres;

--
-- Name: ensayos_tmic_equipos; Type: TABLE; Schema: public; Owner: postgres
--

CREATE TABLE public.ensayos_tmic_equipos (
    id bigint NOT NULL,
    tmic_id bigint NOT NULL,
    equipos_id bigint NOT NULL
);


ALTER TABLE public.ensayos_tmic_equipos OWNER TO postgres;

--
-- Name: ensayos_tmic_equipos_id_seq; Type: SEQUENCE; Schema: public; Owner: postgres
--

ALTER TABLE public.ensayos_tmic_equipos ALTER COLUMN id ADD GENERATED BY DEFAULT AS IDENTITY (
    SEQUENCE NAME public.ensayos_tmic_equipos_id_seq
    START WITH 1
    INCREMENT BY 1
    NO MINVALUE
    NO MAXVALUE
    CACHE 1
);


--
-- Name: ensayos_tmic_id_seq; Type: SEQUENCE; Schema: public; Owner: postgres
--

ALTER TABLE public.ensayos_tmic ALTER COLUMN id ADD GENERATED BY DEFAULT AS IDENTITY (
    SEQUENCE NAME public.ensayos_tmic_id_seq
    START WITH 1
    INCREMENT BY 1
    NO MINVALUE
    NO MAXVALUE
    CACHE 1
);


--
-- Name: ensayos_tmin; Type: TABLE; Schema: public; Owner: postgres
--

CREATE TABLE public.ensayos_tmin (
    id bigint NOT NULL,
    "temperaturaAmbiente" numeric(5,2),
    humedad numeric(5,2),
    "fechaAuto" date,
    "fechaRev" date,
    resultado character varying(100),
    unidad character varying(50),
    observacion character varying(1000),
    "horasEnsayo" numeric(5,2) NOT NULL,
    ensayo_id bigint NOT NULL,
    muestra_id bigint NOT NULL,
    "fechaFin" date,
    "fechaInicio" date,
    usuario_id integer,
    presion numeric(7,2)
);


ALTER TABLE public.ensayos_tmin OWNER TO postgres;

--
-- Name: ensayos_tmin_equipos; Type: TABLE; Schema: public; Owner: postgres
--

CREATE TABLE public.ensayos_tmin_equipos (
    id bigint NOT NULL,
    tmin_id bigint NOT NULL,
    equipos_id bigint NOT NULL
);


ALTER TABLE public.ensayos_tmin_equipos OWNER TO postgres;

--
-- Name: ensayos_tmin_equipos_id_seq; Type: SEQUENCE; Schema: public; Owner: postgres
--

ALTER TABLE public.ensayos_tmin_equipos ALTER COLUMN id ADD GENERATED BY DEFAULT AS IDENTITY (
    SEQUENCE NAME public.ensayos_tmin_equipos_id_seq
    START WITH 1
    INCREMENT BY 1
    NO MINVALUE
    NO MAXVALUE
    CACHE 1
);


--
-- Name: ensayos_tmin_id_seq; Type: SEQUENCE; Schema: public; Owner: postgres
--

ALTER TABLE public.ensayos_tmin ALTER COLUMN id ADD GENERATED BY DEFAULT AS IDENTITY (
    SEQUENCE NAME public.ensayos_tmin_id_seq
    START WITH 1
    INCREMENT BY 1
    NO MINVALUE
    NO MAXVALUE
    CACHE 1
);


--
-- Name: ensayos_tratamiento; Type: TABLE; Schema: public; Owner: postgres
--

CREATE TABLE public.ensayos_tratamiento (
    id bigint NOT NULL,
    secado character varying(500),
    "fechaSecadoInicio" date,
    "fechaSecadoFin" date,
    temperatura integer,
    tiempo integer,
    molido character varying(500),
    "fechaMolidoInicio" date,
    "fechaMolidoFin" date,
    tamizado character varying(500),
    "fechaTamizadoInicio" date,
    "fechaTamizadoFin" date,
    "horasEnsayo" numeric(5,2) NOT NULL,
    ensayo_id bigint NOT NULL,
    muestra_id bigint NOT NULL,
    usuario_id integer,
    tamiz_id bigint
);


ALTER TABLE public.ensayos_tratamiento OWNER TO postgres;

--
-- Name: ensayos_tratamiento_equipoMolido; Type: TABLE; Schema: public; Owner: postgres
--

CREATE TABLE public."ensayos_tratamiento_equipoMolido" (
    id bigint NOT NULL,
    tratamiento_id bigint NOT NULL,
    equipos_id bigint NOT NULL
);


ALTER TABLE public."ensayos_tratamiento_equipoMolido" OWNER TO postgres;

--
-- Name: ensayos_tratamiento_equipoMolido_id_seq; Type: SEQUENCE; Schema: public; Owner: postgres
--

ALTER TABLE public."ensayos_tratamiento_equipoMolido" ALTER COLUMN id ADD GENERATED BY DEFAULT AS IDENTITY (
    SEQUENCE NAME public."ensayos_tratamiento_equipoMolido_id_seq"
    START WITH 1
    INCREMENT BY 1
    NO MINVALUE
    NO MAXVALUE
    CACHE 1
);


--
-- Name: ensayos_tratamiento_equipoSecado; Type: TABLE; Schema: public; Owner: postgres
--

CREATE TABLE public."ensayos_tratamiento_equipoSecado" (
    id bigint NOT NULL,
    tratamiento_id bigint NOT NULL,
    equipos_id bigint NOT NULL
);


ALTER TABLE public."ensayos_tratamiento_equipoSecado" OWNER TO postgres;

--
-- Name: ensayos_tratamiento_equipoSecado_id_seq; Type: SEQUENCE; Schema: public; Owner: postgres
--

ALTER TABLE public."ensayos_tratamiento_equipoSecado" ALTER COLUMN id ADD GENERATED BY DEFAULT AS IDENTITY (
    SEQUENCE NAME public."ensayos_tratamiento_equipoSecado_id_seq"
    START WITH 1
    INCREMENT BY 1
    NO MINVALUE
    NO MAXVALUE
    CACHE 1
);


--
-- Name: ensayos_tratamiento_equipoTamizado; Type: TABLE; Schema: public; Owner: postgres
--

CREATE TABLE public."ensayos_tratamiento_equipoTamizado" (
    id bigint NOT NULL,
    tratamiento_id bigint NOT NULL,
    equipos_id bigint NOT NULL
);


ALTER TABLE public."ensayos_tratamiento_equipoTamizado" OWNER TO postgres;

--
-- Name: ensayos_tratamiento_equipoTamizado_id_seq; Type: SEQUENCE; Schema: public; Owner: postgres
--

ALTER TABLE public."ensayos_tratamiento_equipoTamizado" ALTER COLUMN id ADD GENERATED BY DEFAULT AS IDENTITY (
    SEQUENCE NAME public."ensayos_tratamiento_equipoTamizado_id_seq"
    START WITH 1
    INCREMENT BY 1
    NO MINVALUE
    NO MAXVALUE
    CACHE 1
);


--
-- Name: ensayos_tratamiento_id_seq; Type: SEQUENCE; Schema: public; Owner: postgres
--

ALTER TABLE public.ensayos_tratamiento ALTER COLUMN id ADD GENERATED BY DEFAULT AS IDENTITY (
    SEQUENCE NAME public.ensayos_tratamiento_id_seq
    START WITH 1
    INCREMENT BY 1
    NO MINVALUE
    NO MAXVALUE
    CACHE 1
);


--
-- Name: expedientes_empresa; Type: TABLE; Schema: public; Owner: postgres
--

CREATE TABLE public.expedientes_empresa (
    id bigint NOT NULL,
    empresa character varying(300) NOT NULL,
    abreviatura character varying(100) NOT NULL
);


ALTER TABLE public.expedientes_empresa OWNER TO postgres;

--
-- Name: expedientes_empresa_id_seq; Type: SEQUENCE; Schema: public; Owner: postgres
--

ALTER TABLE public.expedientes_empresa ALTER COLUMN id ADD GENERATED BY DEFAULT AS IDENTITY (
    SEQUENCE NAME public.expedientes_empresa_id_seq
    START WITH 1
    INCREMENT BY 1
    NO MINVALUE
    NO MAXVALUE
    CACHE 1
);


--
-- Name: expedientes_expedientes; Type: TABLE; Schema: public; Owner: postgres
--

CREATE TABLE public.expedientes_expedientes (
    id bigint NOT NULL,
    expediente character varying(100) NOT NULL,
    estado character varying(300) NOT NULL,
    "nMuestras" integer,
    fecha date NOT NULL,
    empresa_id bigint NOT NULL,
    porcentaje numeric(5,2) NOT NULL,
    "empresaContrata" character varying(300) NOT NULL
);


ALTER TABLE public.expedientes_expedientes OWNER TO postgres;

--
-- Name: expedientes_expedientes_id_seq; Type: SEQUENCE; Schema: public; Owner: postgres
--

ALTER TABLE public.expedientes_expedientes ALTER COLUMN id ADD GENERATED BY DEFAULT AS IDENTITY (
    SEQUENCE NAME public.expedientes_expedientes_id_seq
    START WITH 1
    INCREMENT BY 1
    NO MINVALUE
    NO MAXVALUE
    CACHE 1
);


--
-- Name: muestras_descripcionmuestra; Type: TABLE; Schema: public; Owner: postgres
--

CREATE TABLE public.muestras_descripcionmuestra (
    id bigint NOT NULL,
    id_fabricante character varying(300),
    fecha_recepcion date,
    documentacion character varying(300),
    etiquetado character varying(300) NOT NULL,
    "envolturaExt" character varying(300) NOT NULL,
    "envolturaInt" character varying(300) NOT NULL,
    peso numeric(5,2) NOT NULL,
    procedencia character varying(300) NOT NULL,
    "estadoEnvio" character varying(300) NOT NULL,
    "aspectoMuestra" character varying(300) NOT NULL,
    color character varying(300) NOT NULL,
    brillo character varying(300) NOT NULL,
    tamano character varying(300) NOT NULL,
    homogeneidad character varying(300) NOT NULL,
    "formaEnsayo" character varying(300) NOT NULL,
    observacion text NOT NULL,
    "imagenMuestra" character varying(100),
    "imagenEnvoltorio" character varying(100),
    muestra_id bigint,
    usuario_id integer NOT NULL
);


ALTER TABLE public.muestras_descripcionmuestra OWNER TO postgres;

--
-- Name: muestras_descripcionmuestra_id_seq; Type: SEQUENCE; Schema: public; Owner: postgres
--

ALTER TABLE public.muestras_descripcionmuestra ALTER COLUMN id ADD GENERATED BY DEFAULT AS IDENTITY (
    SEQUENCE NAME public.muestras_descripcionmuestra_id_seq
    START WITH 1
    INCREMENT BY 1
    NO MINVALUE
    NO MAXVALUE
    CACHE 1
);


--
-- Name: muestras_listaensayos; Type: TABLE; Schema: public; Owner: postgres
--

CREATE TABLE public.muestras_listaensayos (
    id bigint NOT NULL,
    ensayo character varying(300) NOT NULL,
    normativa character varying(300) NOT NULL,
    poens character varying(300) NOT NULL,
    orden integer NOT NULL,
    "fechaAprobacion" date NOT NULL
);


ALTER TABLE public.muestras_listaensayos OWNER TO postgres;

--
-- Name: muestras_listaensayos_id_seq; Type: SEQUENCE; Schema: public; Owner: postgres
--

ALTER TABLE public.muestras_listaensayos ALTER COLUMN id ADD GENERATED BY DEFAULT AS IDENTITY (
    SEQUENCE NAME public.muestras_listaensayos_id_seq
    START WITH 1
    INCREMENT BY 1
    NO MINVALUE
    NO MAXVALUE
    CACHE 1
);


--
-- Name: muestras_muestras; Type: TABLE; Schema: public; Owner: postgres
--

CREATE TABLE public.muestras_muestras (
    id bigint NOT NULL,
    id_muestra integer,
    estado character varying(300) NOT NULL,
    observaciones text,
    fecha date NOT NULL,
    "fechaComienzo" date,
    "fechaRevision" date,
    empresa_id bigint,
    expediente_id bigint NOT NULL
);


ALTER TABLE public.muestras_muestras OWNER TO postgres;

--
-- Name: muestras_muestras_id_seq; Type: SEQUENCE; Schema: public; Owner: postgres
--

ALTER TABLE public.muestras_muestras ALTER COLUMN id ADD GENERATED BY DEFAULT AS IDENTITY (
    SEQUENCE NAME public.muestras_muestras_id_seq
    START WITH 1
    INCREMENT BY 1
    NO MINVALUE
    NO MAXVALUE
    CACHE 1
);


--
-- Name: muestras_muestras_listaEnsayos; Type: TABLE; Schema: public; Owner: postgres
--

CREATE TABLE public."muestras_muestras_listaEnsayos" (
    id bigint NOT NULL,
    muestras_id bigint NOT NULL,
    listaensayos_id bigint NOT NULL
);


ALTER TABLE public."muestras_muestras_listaEnsayos" OWNER TO postgres;

--
-- Name: muestras_muestras_listaEnsayos_id_seq; Type: SEQUENCE; Schema: public; Owner: postgres
--

ALTER TABLE public."muestras_muestras_listaEnsayos" ALTER COLUMN id ADD GENERATED BY DEFAULT AS IDENTITY (
    SEQUENCE NAME public."muestras_muestras_listaEnsayos_id_seq"
    START WITH 1
    INCREMENT BY 1
    NO MINVALUE
    NO MAXVALUE
    CACHE 1
);


--
-- Name: pages_firmas; Type: TABLE; Schema: public; Owner: postgres
--

CREATE TABLE public.pages_firmas (
    id bigint NOT NULL,
    firma character varying(100) NOT NULL,
    usuario_id integer NOT NULL
);


ALTER TABLE public.pages_firmas OWNER TO postgres;

--
-- Name: pages_firmas_id_seq; Type: SEQUENCE; Schema: public; Owner: postgres
--

ALTER TABLE public.pages_firmas ALTER COLUMN id ADD GENERATED BY DEFAULT AS IDENTITY (
    SEQUENCE NAME public.pages_firmas_id_seq
    START WITH 1
    INCREMENT BY 1
    NO MINVALUE
    NO MAXVALUE
    CACHE 1
);


--
-- Data for Name: auth_group; Type: TABLE DATA; Schema: public; Owner: postgres
--

COPY public.auth_group (id, name) FROM stdin;
\.


--
-- Data for Name: auth_group_permissions; Type: TABLE DATA; Schema: public; Owner: postgres
--

COPY public.auth_group_permissions (id, group_id, permission_id) FROM stdin;
\.


--
-- Data for Name: auth_permission; Type: TABLE DATA; Schema: public; Owner: postgres
--

COPY public.auth_permission (id, name, content_type_id, codename) FROM stdin;
1	Can add log entry	1	add_logentry
2	Can change log entry	1	change_logentry
3	Can delete log entry	1	delete_logentry
4	Can view log entry	1	view_logentry
5	Can add permission	2	add_permission
6	Can change permission	2	change_permission
7	Can delete permission	2	delete_permission
8	Can view permission	2	view_permission
9	Can add group	3	add_group
10	Can change group	3	change_group
11	Can delete group	3	delete_group
12	Can view group	3	view_group
13	Can add user	4	add_user
14	Can change user	4	change_user
15	Can delete user	4	delete_user
16	Can view user	4	view_user
17	Can add content type	5	add_contenttype
18	Can change content type	5	change_contenttype
19	Can delete content type	5	delete_contenttype
20	Can view content type	5	view_contenttype
21	Can add session	6	add_session
22	Can change session	6	change_session
23	Can delete session	6	delete_session
24	Can view session	6	view_session
25	Can add firmas	7	add_firmas
26	Can change firmas	7	change_firmas
27	Can delete firmas	7	delete_firmas
28	Can view firmas	7	view_firmas
29	Can add Empresa	8	add_empresa
30	Can change Empresa	8	change_empresa
31	Can delete Empresa	8	delete_empresa
32	Can view Empresa	8	view_empresa
33	Can add Empresa	9	add_expedientes
34	Can change Empresa	9	change_expedientes
35	Can delete Empresa	9	delete_expedientes
36	Can view Empresa	9	view_expedientes
37	Can add Lista Ensayo	10	add_listaensayos
38	Can change Lista Ensayo	10	change_listaensayos
39	Can delete Lista Ensayo	10	delete_listaensayos
40	Can view Lista Ensayo	10	view_listaensayos
41	Can add Muestra	11	add_muestras
42	Can change Muestra	11	change_muestras
43	Can delete Muestra	11	delete_muestras
44	Can view Muestra	11	view_muestras
45	Can add Descripcion muestra	12	add_descripcionmuestra
46	Can change Descripcion muestra	12	change_descripcionmuestra
47	Can delete Descripcion muestra	12	delete_descripcionmuestra
48	Can view Descripcion muestra	12	view_descripcionmuestra
49	Can add LIE	13	add_clo
50	Can change LIE	13	change_clo
51	Can delete LIE	13	delete_clo
52	Can view LIE	13	view_clo
53	Can add Emi	14	add_emi
54	Can change Emi	14	change_emi
55	Can delete Emi	14	delete_emi
56	Can view Emi	14	view_emi
57	Can add Emi	15	add_emisin
58	Can change Emi	15	change_emisin
59	Can delete Emi	15	delete_emisin
60	Can view Emi	15	view_emisin
61	Can add Humedad	16	add_humedad
62	Can change Humedad	16	change_humedad
63	Can delete Humedad	16	delete_humedad
64	Can view Humedad	16	view_humedad
65	Can add LIE	17	add_lie
66	Can change LIE	17	change_lie
67	Can delete LIE	17	delete_lie
68	Can view LIE	17	view_lie
69	Can add N1	18	add_n1
70	Can change N1	18	change_n1
71	Can delete N1	18	delete_n1
72	Can view N1	18	view_n1
73	Can add N2	19	add_n2
74	Can change N2	19	change_n2
75	Can delete N2	19	delete_n2
76	Can view N2	19	view_n2
77	Can add N4	20	add_n4
78	Can change N4	20	change_n4
79	Can delete N4	20	delete_n4
80	Can view N4	20	view_n4
81	Can add O1	21	add_o1
82	Can change O1	21	change_o1
83	Can delete O1	21	delete_o1
84	Can view O1	21	view_o1
85	Can add Pmax	22	add_pmax
86	Can change Pmax	22	change_pmax
87	Can delete Pmax	22	delete_pmax
88	Can view Pmax	22	view_pmax
89	Can add REC	23	add_rec
90	Can change REC	23	change_rec
91	Can delete REC	23	delete_rec
92	Can view REC	23	view_rec
93	Can add Tratamiento	24	add_tratamiento
94	Can change Tratamiento	24	change_tratamiento
95	Can delete Tratamiento	24	delete_tratamiento
96	Can view Tratamiento	24	view_tratamiento
97	Can add TMIn	25	add_tmin
98	Can change TMIn	25	change_tmin
99	Can delete TMIn	25	delete_tmin
100	Can view TMIn	25	view_tmin
101	Can add TMIc	26	add_tmic
102	Can change TMIc	26	change_tmic
103	Can delete TMIc	26	delete_tmic
104	Can view TMIc	26	view_tmic
105	Can add Resultado TMIn	27	add_resultadostmin
106	Can change Resultado TMIn	27	change_resultadostmin
107	Can delete Resultado TMIn	27	delete_resultadostmin
108	Can view Resultado TMIn	27	view_resultadostmin
109	Can add Resultado TMIc	28	add_resultadostmic
110	Can change Resultado TMIc	28	change_resultadostmic
111	Can delete Resultado TMIc	28	delete_resultadostmic
112	Can view Resultado TMIc	28	view_resultadostmic
113	Can add Resultado REC	29	add_resultadosrec
114	Can change Resultado REC	29	change_resultadosrec
115	Can delete Resultado REC	29	delete_resultadosrec
116	Can view Resultado REC	29	view_resultadosrec
117	Can add Resultado Pmax	30	add_resultadospmax
118	Can change Resultado Pmax	30	change_resultadospmax
119	Can delete Resultado Pmax	30	delete_resultadospmax
120	Can view Resultado Pmax	30	view_resultadospmax
121	Can add Resultado O1	31	add_resultadoso1
122	Can change Resultado O1	31	change_resultadoso1
123	Can delete Resultado O1	31	delete_resultadoso1
124	Can view Resultado O1	31	view_resultadoso1
125	Can add Resultado N4	32	add_resultadosn4
126	Can change Resultado N4	32	change_resultadosn4
127	Can delete Resultado N4	32	delete_resultadosn4
128	Can view Resultado N4	32	view_resultadosn4
129	Can add Resultado N2	33	add_resultadosn2
130	Can change Resultado N2	33	change_resultadosn2
131	Can delete Resultado N2	33	delete_resultadosn2
132	Can view Resultado N2	33	view_resultadosn2
133	Can add Resultado N1	34	add_resultadosn1
134	Can change Resultado N1	34	change_resultadosn1
135	Can delete Resultado N1	34	delete_resultadosn1
136	Can view Resultado N1	34	view_resultadosn1
137	Can add Resultado LIE	35	add_resultadoslie
138	Can change Resultado LIE	35	change_resultadoslie
139	Can delete Resultado LIE	35	delete_resultadoslie
140	Can view Resultado LIE	35	view_resultadoslie
141	Can add Resultado Humedad	36	add_resultadoshumedad
142	Can change Resultado Humedad	36	change_resultadoshumedad
143	Can delete Resultado Humedad	36	delete_resultadoshumedad
144	Can view Resultado Humedad	36	view_resultadoshumedad
145	Can add Resultado Emi	37	add_resultadosemisin
146	Can change Resultado Emi	37	change_resultadosemisin
147	Can delete Resultado Emi	37	delete_resultadosemisin
148	Can view Resultado Emi	37	view_resultadosemisin
149	Can add Resultado Emi	38	add_resultadosemi
150	Can change Resultado Emi	38	change_resultadosemi
151	Can delete Resultado Emi	38	delete_resultadosemi
152	Can view Resultado Emi	38	view_resultadosemi
153	Can add Resultado CLO	39	add_resultadosclo
154	Can change Resultado CLO	39	change_resultadosclo
155	Can delete Resultado CLO	39	delete_resultadosclo
156	Can view Resultado CLO	39	view_resultadosclo
157	Can add Humedad	40	add_granulometria
158	Can change Humedad	40	change_granulometria
159	Can delete Humedad	40	delete_granulometria
160	Can view Humedad	40	view_granulometria
161	Can add Equipo	41	add_equipos
162	Can change Equipo	41	change_equipos
163	Can delete Equipo	41	delete_equipos
164	Can view Equipo	41	view_equipos
165	Can add Equipo asociado	42	add_equipoasociado
166	Can change Equipo asociado	42	change_equipoasociado
167	Can delete Equipo asociado	42	delete_equipoasociado
168	Can view Equipo asociado	42	view_equipoasociado
\.


--
-- Data for Name: auth_user; Type: TABLE DATA; Schema: public; Owner: postgres
--

COPY public.auth_user (id, password, last_login, is_superuser, username, first_name, last_name, email, is_staff, is_active, date_joined) FROM stdin;
6	pbkdf2_sha256$600000$c1Q8BshQ2emkie5DazVDnV$bZMoRFay4wrIU7PMcz0gl0kgtYUVXhi9pdJyNDo8oOI=	2025-06-04 09:51:18.506137+01	f	Victor	Víctor	García-Zarco Méndez	v.garcia-zarco@alumnos.upm.es	f	t	2025-05-30 09:15:23+01
2	pbkdf2_sha256$600000$MgZC77bQ2n8b1S3t83xqOY$7qUDm4DF9bVuLn4BJkOyCYQbAjjKvYWXDIAf749vhK0=	2025-06-12 07:52:59.377795+01	f	Alex	Alejandro	Revenga	a.revenga@alumnos.upm.es	f	t	2025-05-12 10:03:21+01
3	pbkdf2_sha256$600000$xs9vrVe7CoPGQ9YMOnKuXX$ml/eKCDV1uM+ItZmJtqUb97YdG5+t8kt9HJXxNGVlBk=	2025-05-20 12:05:18.401811+01	f	Dimitris	Dimitris	Pantelakis	di.pantelakis@upm.es	f	t	2025-05-20 11:56:03+01
1	pbkdf2_sha256$600000$vHaKWkJk7dDzkTCCZpuR0d$UQvtVR2/NmoFVddFAHgGth8MGAgGYjlMV7kYCjk3h7o=	2025-07-09 13:42:28.932373+01	t	sergio			sergio.baron@fgupm.upm.es	t	t	2025-05-10 16:14:49+01
5	pbkdf2_sha256$600000$spwDA2WAnrkkTAuTJlPser$LnDEwauE3+BHL697d8o1DO5oKTBRXKi9RoThV7Ipgik=	2025-05-22 11:24:28.154977+01	f	Raul	Raúl	Castellano Muñoz	r.castellano@fgupm.upm.es	f	t	2025-05-22 11:22:44+01
4	pbkdf2_sha256$600000$5N6ZGWxd9RBcU9HgZWJagn$wynU9i7Pf0mUVln5Qv1UK7Pho6nDxRVd6AZDDelBQBQ=	2025-05-26 11:47:41.511519+01	f	Alvaro	Alvarp	Zamarro Toves	alvaro.zamarro@alumnos.upm.es	f	t	2025-05-20 11:58:42+01
\.


--
-- Data for Name: auth_user_groups; Type: TABLE DATA; Schema: public; Owner: postgres
--

COPY public.auth_user_groups (id, user_id, group_id) FROM stdin;
\.


--
-- Data for Name: auth_user_user_permissions; Type: TABLE DATA; Schema: public; Owner: postgres
--

COPY public.auth_user_user_permissions (id, user_id, permission_id) FROM stdin;
\.


--
-- Data for Name: calidad_equipoasociado; Type: TABLE DATA; Schema: public; Owner: postgres
--

COPY public.calidad_equipoasociado (id, codigo, equipo, descripcion, "equipoAsociado_id") FROM stdin;
1	29	Tamiz 500 um	Tamiz 500 um	17
2	29	Tamiz 500 um	Tamiz 500 um	20
5	03	Tamiz 63 um	Tamiz 63 um	20
6	06	Tamiz 75 um	Tamiz 75 um	20
7	13	Tamiz 125 um	Tamiz 125 um	20
8	16	Tamiz 180 um	Tamiz 180 um	20
9	17	Tamiz 250 um	Tamiz 250 um	20
10	22	Tamiz 1000 um	Tamiz 1000 um	20
\.


--
-- Data for Name: calidad_equipos; Type: TABLE DATA; Schema: public; Owner: postgres
--

COPY public.calidad_equipos (id, codigo, equipo, descripcion, controlado, "fechaCalibracion", "fechaCaducidadCalibracion") FROM stdin;
1	PO0079	CONTROLADOR TEMPERATURA CAPA	Controlador de temperatura en capa	t	2024-10-08	2025-10-08
2	PO0056	ANALIZADOR DE PARTICULAS	ANALIZADOR DE PARTICULAS	t	2024-11-08	2025-11-08
4	PO0066	Analizador halógeno de humedad	Analizador halógeno de humedad	t	2024-10-03	2026-10-03
6	PO0071	MEGÓMETRO	MEGÓMETRO	t	2023-07-17	2025-07-17
5	PO0069	Balanza de precisión	Balanza de precisión	t	2023-09-28	2025-09-28
7	PO0075	BALANZA	BALANZA	t	2023-09-28	2025-09-28
8	PO0077	CUBA ESFERICA 20 L	CUBA ESFERICA 20 L	t	2023-07-10	2025-07-10
9	PO0080	Termómetro	Termómetro	t	2025-05-09	2027-05-09
11	PO0088	FUENTE DE ALIMENTACIÓN	FUENTE DE ALIMENTACIÓN	t	2025-05-12	2025-05-12
13	PO0089	Balanza de precisión	Balanza de precisión	t	2024-05-24	2026-05-24
15	PO0102	Registrador de temperatura	Registrador de temperatura	t	2024-06-05	2025-06-05
16	PO0103	Registrador nube	Registrador nube	t	2024-10-31	2026-10-31
17	PO0105	TAMICES	TAMICES	t	2025-01-10	2027-01-10
18	PO0106	MANÓMETRO	MANÓMETRO	t	2024-09-05	2026-09-05
12	PO0104	ESTUFA	ESTUFA MEMERT	t	2025-06-06	2026-06-06
20	PO0081	CONJUNTO DE TAMICES	CONJUNTO DE TAMICES	f	2025-05-27	2026-05-27
21	PO0074	ESTUFA CON CIRCULACIÓN DE AIRE CRUZADO	ESTUFA CON CIRCULACIÓN DE AIRE CRUZADO	f	2025-05-27	2026-05-27
22	PO0101	MOLINO UNIVERSAL	MOLINO UNIVERSAL	f	2025-05-27	2026-05-27
3	PO0057	ENERGIA MINIMA DE INFLAMACION (MIKE)	ENERGIA MINIMA DE INFLAMACION	t	2023-07-06	2025-07-06
14	PO0096	Barómetro	Barómetro	t	2024-04-22	2026-04-22
19	PO0107	TERMOHIGRÓMETRO	TERMOHIGRÓMETRO	t	2024-04-09	2027-04-09
10	PO0082	CRONÓMETRO	CRONÓMETRO	t	2025-04-07	2026-04-07
\.


--
-- Data for Name: calidad_equipos_ensayos; Type: TABLE DATA; Schema: public; Owner: postgres
--

COPY public.calidad_equipos_ensayos (id, equipos_id, listaensayos_id) FROM stdin;
1	1	1
2	2	3
3	3	6
4	4	2
5	5	4
6	5	5
7	5	6
8	5	7
9	5	13
10	6	12
11	7	13
12	7	5
13	7	7
14	8	13
15	8	5
16	8	7
17	9	13
18	9	5
19	9	7
20	10	1
21	10	11
22	11	11
24	12	10
25	13	11
26	14	1
27	14	4
29	14	6
31	14	12
33	15	10
34	16	4
35	17	3
36	18	4
37	19	1
38	19	2
39	19	3
40	19	4
41	19	5
42	19	6
43	19	7
44	19	12
45	19	13
46	12	14
47	20	14
48	21	14
49	22	14
50	3	15
51	14	15
52	19	15
53	10	9
54	10	8
\.


--
-- Data for Name: django_admin_log; Type: TABLE DATA; Schema: public; Owner: postgres
--

COPY public.django_admin_log (id, action_time, object_id, object_repr, action_flag, change_message, content_type_id, user_id) FROM stdin;
1	2025-05-10 17:10:20.340231+01	1	TMIc	1	[{"added": {}}]	10	1
2	2025-05-12 10:03:22.869572+01	2	Alex	1	[{"added": {}}, {"added": {"name": "firmas", "object": "Firmas object (1)"}}]	4	1
3	2025-05-12 10:04:39.293563+01	2	Alex	2	[{"changed": {"fields": ["First name", "Last name", "Email address"]}}]	4	1
4	2025-05-12 10:06:37.239896+01	2	Alex	2	[{"changed": {"fields": ["password"]}}]	4	1
5	2025-05-12 15:30:33.494415+01	1	TMIc	2	[{"changed": {"fields": ["Normativa", "POENS"]}}]	10	1
6	2025-05-12 15:37:01.500809+01	2	Humedad	1	[{"added": {}}]	10	1
7	2025-05-12 15:38:27.553849+01	3	Granulometría	1	[{"added": {}}]	10	1
8	2025-05-12 15:39:52.398525+01	4	TMIn	1	[{"added": {}}]	10	1
9	2025-05-12 15:40:34.724659+01	5	LIE	1	[{"added": {}}]	10	1
10	2025-05-12 15:41:17.898444+01	6	EMI	1	[{"added": {}}]	10	1
11	2025-05-12 15:51:55.410289+01	7	pmax	1	[{"added": {}}]	10	1
12	2025-05-12 16:08:44.017849+01	8	ONU - N.1	1	[{"added": {}}]	10	1
13	2025-05-12 16:08:53.621537+01	8	N1	2	[{"changed": {"fields": ["Ensayo"]}}]	10	1
14	2025-05-12 16:10:40.362853+01	9	N2	1	[{"added": {}}]	10	1
15	2025-05-12 16:11:51.9044+01	10	N4	1	[{"added": {}}]	10	1
16	2025-05-12 16:13:05.152361+01	11	O1	1	[{"added": {}}]	10	1
17	2025-05-12 16:14:16.472163+01	12	REC	1	[{"added": {}}]	10	1
18	2025-05-12 16:15:18.056508+01	13	CLO	1	[{"added": {}}]	10	1
19	2025-05-12 16:16:18.968206+01	14	Tratamiento	1	[{"added": {}}]	10	1
20	2025-05-12 18:08:36.32945+01	7	Pmax	2	[{"changed": {"fields": ["Ensayo"]}}]	10	1
21	2025-05-12 18:13:34.398575+01	1	TMIc	2	[]	10	1
22	2025-05-12 18:18:32.259682+01	7	pmax	2	[{"changed": {"fields": ["Ensayo"]}}]	10	1
23	2025-05-13 11:40:40.538607+01	3	Granulometria	2	[{"changed": {"fields": ["Ensayo"]}}]	10	1
24	2025-05-13 12:10:19.836721+01	15	EMIsin	1	[{"added": {}}]	10	1
25	2025-05-13 12:10:36.731212+01	15	EMIsin	2	[{"changed": {"fields": ["POENS"]}}]	10	1
26	2025-05-13 12:11:14.479591+01	7	Pmax	2	[{"changed": {"fields": ["Ensayo"]}}]	10	1
27	2025-05-14 14:55:39.266065+01	1	sergio	2	[{"added": {"name": "firmas", "object": "Firmas object (2)"}}]	4	1
28	2025-05-20 10:53:57.845526+01	2	Alex	2	[{"changed": {"name": "firmas", "object": "Firmas object (1)", "fields": ["Firma"]}}]	4	1
29	2025-05-20 10:55:59.568533+01	2	Alex	2	[{"changed": {"fields": ["password"]}}]	4	1
30	2025-05-20 11:56:04.796306+01	3	Dimitris	1	[{"added": {}}, {"added": {"name": "firmas", "object": "Firmas object (3)"}}]	4	1
31	2025-05-20 11:56:58.387968+01	3	Dimitris	2	[{"changed": {"fields": ["First name", "Last name", "Email address"]}}]	4	1
32	2025-05-20 11:58:43.939909+01	4	Alvaro	1	[{"added": {}}, {"added": {"name": "firmas", "object": "Firmas object (4)"}}]	4	1
33	2025-05-20 11:59:36.684261+01	4	Alvaro	2	[{"changed": {"fields": ["First name", "Last name", "Email address"]}}]	4	1
34	2025-05-22 11:22:46.1217+01	5	Raul	1	[{"added": {}}, {"added": {"name": "firmas", "object": "Firmas object (5)"}}]	4	1
35	2025-05-22 11:23:25.136067+01	5	Raul	2	[{"changed": {"fields": ["First name", "Last name", "Email address"]}}]	4	1
36	2025-05-30 09:15:24.463766+01	6	Victor	1	[{"added": {}}, {"added": {"name": "firmas", "object": "Firmas object (6)"}}]	4	1
37	2025-05-30 09:20:00.055374+01	6	Victor	2	[{"changed": {"fields": ["First name", "Last name", "Email address"]}}]	4	1
38	2025-06-04 09:42:36.567445+01	6	Victor	2	[{"changed": {"fields": ["password"]}}]	4	1
39	2025-06-04 15:55:49.521457+01	11	O1	2	[{"changed": {"fields": ["Normativa", "POENS"]}}]	10	1
40	2025-06-04 15:56:12.504312+01	1	TMIc	2	[{"changed": {"fields": ["POENS"]}}]	10	1
41	2025-06-04 15:56:32.509105+01	15	EMIsin	2	[{"changed": {"fields": ["POENS"]}}]	10	1
42	2025-06-04 15:56:41.015139+01	6	EMI	2	[{"changed": {"fields": ["POENS"]}}]	10	1
43	2025-06-04 15:56:59.304293+01	2	Humedad	2	[{"changed": {"fields": ["POENS"]}}]	10	1
44	2025-06-04 15:57:34.468846+01	5	LIE	2	[{"changed": {"fields": ["POENS"]}}]	10	1
45	2025-06-04 15:57:57.25686+01	8	N1	2	[{"changed": {"fields": ["POENS"]}}]	10	1
46	2025-06-04 15:58:09.879375+01	9	N2	2	[{"changed": {"fields": ["POENS"]}}]	10	1
47	2025-06-04 15:58:22.488724+01	10	N4	2	[{"changed": {"fields": ["POENS"]}}]	10	1
48	2025-06-04 15:58:43.701709+01	11	O1	2	[{"changed": {"fields": ["POENS"]}}]	10	1
49	2025-06-04 15:58:54.789897+01	7	Pmax	2	[{"changed": {"fields": ["POENS"]}}]	10	1
50	2025-06-04 15:59:05.92795+01	12	REC	2	[{"changed": {"fields": ["POENS"]}}]	10	1
51	2025-06-04 15:59:25.642626+01	1	TMIc	2	[{"changed": {"fields": ["POENS"]}}]	10	1
52	2025-06-04 15:59:38.600975+01	4	TMIn	2	[{"changed": {"fields": ["POENS"]}}]	10	1
53	2025-06-04 15:59:57.224103+01	14	Tratamiento	2	[{"changed": {"fields": ["POENS"]}}]	10	1
54	2025-06-05 11:20:26.025899+01	9	N2	2	[{"changed": {"fields": ["Normativa"]}}]	10	1
55	2025-06-05 11:21:33.987977+01	9	N2	2	[{"changed": {"fields": ["Normativa"]}}]	10	1
56	2025-06-05 11:21:45.298541+01	11	O1	2	[{"changed": {"fields": ["Normativa"]}}]	10	1
57	2025-06-05 11:21:55.470285+01	8	N1	2	[{"changed": {"fields": ["Normativa"]}}]	10	1
58	2025-06-05 11:23:15.692981+01	11	O1	2	[{"changed": {"fields": ["Normativa"]}}]	10	1
\.


--
-- Data for Name: django_content_type; Type: TABLE DATA; Schema: public; Owner: postgres
--

COPY public.django_content_type (id, app_label, model) FROM stdin;
1	admin	logentry
2	auth	permission
3	auth	group
4	auth	user
5	contenttypes	contenttype
6	sessions	session
7	pages	firmas
8	expedientes	empresa
9	expedientes	expedientes
10	muestras	listaensayos
11	muestras	muestras
12	muestras	descripcionmuestra
13	ensayos	clo
14	ensayos	emi
15	ensayos	emisin
16	ensayos	humedad
17	ensayos	lie
18	ensayos	n1
19	ensayos	n2
20	ensayos	n4
21	ensayos	o1
22	ensayos	pmax
23	ensayos	rec
24	ensayos	tratamiento
25	ensayos	tmin
26	ensayos	tmic
27	ensayos	resultadostmin
28	ensayos	resultadostmic
29	ensayos	resultadosrec
30	ensayos	resultadospmax
31	ensayos	resultadoso1
32	ensayos	resultadosn4
33	ensayos	resultadosn2
34	ensayos	resultadosn1
35	ensayos	resultadoslie
36	ensayos	resultadoshumedad
37	ensayos	resultadosemisin
38	ensayos	resultadosemi
39	ensayos	resultadosclo
40	ensayos	granulometria
41	calidad	equipos
42	calidad	equipoasociado
\.


--
-- Data for Name: django_migrations; Type: TABLE DATA; Schema: public; Owner: postgres
--

COPY public.django_migrations (id, app, name, applied) FROM stdin;
1	contenttypes	0001_initial	2025-05-10 16:11:42.342442+01
2	auth	0001_initial	2025-05-10 16:11:42.586364+01
3	admin	0001_initial	2025-05-10 16:11:42.663241+01
4	admin	0002_logentry_remove_auto_add	2025-05-10 16:11:42.684203+01
5	admin	0003_logentry_add_action_flag_choices	2025-05-10 16:11:42.714519+01
6	contenttypes	0002_remove_content_type_name	2025-05-10 16:11:42.756969+01
7	auth	0002_alter_permission_name_max_length	2025-05-10 16:11:42.782274+01
8	auth	0003_alter_user_email_max_length	2025-05-10 16:11:42.813766+01
9	auth	0004_alter_user_username_opts	2025-05-10 16:11:42.836298+01
10	auth	0005_alter_user_last_login_null	2025-05-10 16:11:42.860104+01
11	auth	0006_require_contenttypes_0002	2025-05-10 16:11:42.868816+01
12	auth	0007_alter_validators_add_error_messages	2025-05-10 16:11:42.889837+01
13	auth	0008_alter_user_username_max_length	2025-05-10 16:11:42.923519+01
14	auth	0009_alter_user_last_name_max_length	2025-05-10 16:11:42.947842+01
15	auth	0010_alter_group_name_max_length	2025-05-10 16:11:42.975006+01
16	auth	0011_update_proxy_permissions	2025-05-10 16:11:42.998155+01
17	auth	0012_alter_user_first_name_max_length	2025-05-10 16:11:43.022157+01
18	expedientes	0001_initial	2025-05-10 16:11:43.076367+01
19	muestras	0001_initial	2025-05-10 16:11:43.253956+01
20	calidad	0001_initial	2025-05-10 16:11:43.348838+01
21	ensayos	0001_initial	2025-05-10 16:11:47.350904+01
22	ensayos	0002_remove_humedad_fecha_humedad_fechafin_and_more	2025-05-10 16:11:47.628003+01
23	ensayos	0003_remove_granulometria_fecha_granulometria_fechafin_and_more	2025-05-10 16:11:47.898593+01
24	ensayos	0004_remove_tmic_fecha_tmic_fechafin_tmic_fechainicio	2025-05-10 16:11:48.181072+01
25	ensayos	0005_remove_tmin_fecha_tmin_fechafin_tmin_fechainicio	2025-05-10 16:11:48.624387+01
26	ensayos	0006_remove_lie_fecha_lie_fechafin_lie_fechainicio	2025-05-10 16:11:48.902416+01
27	ensayos	0007_remove_emi_fecha_emi_fechafin_emi_fechainicio	2025-05-10 16:11:49.179152+01
28	ensayos	0008_remove_emisin_fecha_emisin_fechafin_and_more	2025-05-10 16:11:49.636261+01
29	ensayos	0009_remove_pmax_fecha_pmax_fechafin_pmax_fechainicio	2025-05-10 16:11:50.090175+01
30	ensayos	0010_alter_pmax_pmax_alter_resultadospmax_pm	2025-05-10 16:11:50.276876+01
31	ensayos	0011_remove_clo_fecha_clo_fechafin_clo_fechainicio	2025-05-10 16:11:50.564687+01
32	ensayos	0012_remove_rec_fecha_rec_fechafin_rec_fechainicio	2025-05-10 16:11:50.845496+01
33	ensayos	0013_alter_rec_unidad	2025-05-10 16:11:50.948717+01
34	ensayos	0014_resultadosrec_nprueba	2025-05-10 16:11:50.985508+01
35	ensayos	0015_remove_n1_fecha_n1_fechafin_n1_fechainicio	2025-05-10 16:11:51.271776+01
36	ensayos	0016_remove_n2_fecha_remove_n2_fechaauto_n2_fechafin_and_more	2025-05-10 16:11:51.838142+01
37	ensayos	0017_remove_n4_fecha_n4_fechafin_n4_fechainicio	2025-05-10 16:11:52.125616+01
38	ensayos	0018_remove_o1_fecha_o1_fechafin_o1_fechainicio	2025-05-10 16:11:52.411234+01
39	ensayos	0019_alter_resultadosn1_tiempo	2025-05-10 16:11:52.444204+01
40	ensayos	0020_clo_usuario_emi_usuario_emisin_usuario_and_more	2025-05-10 16:11:54.897974+01
41	ensayos	0021_alter_clo_usuario_alter_emi_usuario_and_more	2025-05-10 16:11:57.436526+01
42	ensayos	0022_alter_clo_horasensayo_alter_lie_horasensayo_and_more	2025-05-10 16:11:57.873103+01
43	ensayos	0023_alter_lie_observacion	2025-05-10 16:11:57.99308+01
44	ensayos	0024_alter_humedad_criterio	2025-05-10 16:11:58.105248+01
45	ensayos	0025_tmic_presion	2025-05-10 16:11:58.374377+01
46	ensayos	0026_rec_presion_tmin_presion	2025-05-10 16:11:58.602052+01
47	ensayos	0027_clo_temperaturaesfera_lie_temperaturaesfera_and_more	2025-05-10 16:11:58.936331+01
48	expedientes	0002_expedientes_porcentaje	2025-05-10 16:11:58.96239+01
49	expedientes	0003_alter_expedientes_porcentaje	2025-05-10 16:11:58.986405+01
50	muestras	0002_descripcionmuestra_usuario	2025-05-10 16:11:59.145686+01
51	pages	0001_initial	2025-05-10 16:11:59.304357+01
52	sessions	0001_initial	2025-05-10 16:11:59.36704+01
53	ensayos	0028_resultadostmin_repeticiones	2025-05-20 13:27:17.51902+01
54	muestras	0003_listaensayos_orden	2025-05-23 11:22:35.387707+01
55	ensayos	0029_alter_resultadostmin_repeticiones	2025-05-27 09:36:57.929953+01
56	ensayos	0030_alter_resultadosclo_concentracion_and_more	2025-06-04 15:22:31.127553+01
57	ensayos	0031_alter_resultadosclo_dpdt_alter_resultadoslie_dpdt	2025-06-04 15:22:31.380132+01
58	ensayos	0032_alter_resultadospmax_peso	2025-06-04 15:22:31.44629+01
59	ensayos	0033_alter_resultadosrec_resultado	2025-06-04 15:22:31.486531+01
60	muestras	0004_listaensayos_fechaaprobacion	2025-06-04 15:22:31.591566+01
61	calidad	0002_remove_equipos_equipo_padre_equipoasociado	2025-06-05 11:05:45.634434+01
62	calidad	0003_alter_equipoasociado_equipoasociado	2025-06-05 11:05:45.791574+01
63	ensayos	0034_tratamiento_tamiz	2025-06-05 11:05:45.917044+01
64	ensayos	0035_alter_tratamiento_tamiz	2025-06-05 14:25:05.369004+01
65	ensayos	0036_alter_rec_resultado_alter_resultadosrec_resultado	2025-06-11 09:31:42.493177+01
66	expedientes	0004_expedientes_empresacontrata	2025-06-11 18:05:49.150788+01
67	expedientes	0005_alter_expedientes_empresacontrata	2025-06-11 18:05:49.181301+01
\.


--
-- Data for Name: django_session; Type: TABLE DATA; Schema: public; Owner: postgres
--

COPY public.django_session (session_key, session_data, expire_date) FROM stdin;
w56ml6bxsmoex5hhmzm4q5vof7f820py	.eJxVjMsOwiAURP-FtSGFiHJduvcbyH0hVQNJaVfGf7dNutDlzDkzb5NwmUtauk5pFHMx3hx-O0J-at2APLDem-VW52kkuyl2p93emujrurt_BwV7Wdcx5ECUPQ6RzkGjc5FRT-iU4xoCeQZxnp2DOGj2R0IVZgAQlZzBfL75cjj9:1uPbo3:P-3OMw365r1ftVHcntQJePCXODZUap1HZgISj4xER8c	2025-06-26 07:52:59.385076+01
prelh9uglvdvdzwq05erfy25nzpx18bu	.eJxVjLEOgzAMRP8lcxWFhBinY3e-AdnYKrRVIhGYqv57QWJox7v37t5moG2dhq3qMsxirqYxl9-OaXxqPoA8KN-LHUtel5ntodiTVtsX0dftdP8OJqrTvo6eKRJ0bSBKMYwtSScACBAA1EWXGnQJQbHbI3snwSEKe2TWqGw-X8QkN0w:1uDlwB:GZ7Lu9fJkJGX1BM21gu9ESMFacUX9eL1dq_yyATO3TI	2025-05-24 16:16:27.739093+01
zg56pvzxmkpdrhy4i4mmrolxseq2546k	.eJxVjLEOgzAMRP8lcxWFhBinY3e-AdnYKrRVIhGYqv57QWJox7v37t5moG2dhq3qMsxirqYxl9-OaXxqPoA8KN-LHUtel5ntodiTVtsX0dftdP8OJqrTvo6eKRJ0bSBKMYwtSScACBAA1EWXGnQJQbHbI3snwSEKe2TWqGw-X8QkN0w:1uRTNp:Scxg3m1eUy-LB8hDtJPJckrCj6CJDOSlkm0B4sLRRYE	2025-07-01 11:17:37.064086+01
u754ltitmnz6lns214hr6l5jnrdckhys	.eJxVjLEOgzAMRP8lcxWFhBinY3e-AdnYKrRVIhGYqv57QWJox7v37t5moG2dhq3qMsxirqYxl9-OaXxqPoA8KN-LHUtel5ntodiTVtsX0dftdP8OJqrTvo6eKRJ0bSBKMYwtSScACBAA1EWXGnQJQbHbI3snwSEKe2TWqGw-X8QkN0w:1uE5Wq:CK73zz5W7qUKglV8nXkP2zum324fOF2C1s5gJ8nY0h0	2025-05-25 13:11:36.730854+01
u1h5ld1mn1hvvgdfoems1ttflva5spjt	.eJxVjDsOwjAQRO_iGlnrNVhZSnrOYO36gwPIluKkirg7iZQCutG8N7Mqz8tc_NLT5MeorgrV6bcTDq9UdxCfXB9Nh1bnaRS9K_qgXd9bTO_b4f4dFO5lW-dAmCgLYhqALiSGZKBMaA0QC5AhJHAsBNFat4UIgfGMNll0jOrzBdZRNz8:1uEP7U:P_1WwaDFdXPukPTz23f-a99rzo2a2QKCB7LVV8caelw	2025-05-26 10:06:44.856141+01
svxrrzci50edbu8d72h3bw21r1gst3jd	.eJxVjDsOwjAQRO_iGlnrNVhZSnrOYO36gwPIluKkirg7iZQCutG8N7Mqz8tc_NLT5MeorgrV6bcTDq9UdxCfXB9Nh1bnaRS9K_qgXd9bTO_b4f4dFO5lW-dAmCgLYhqALiSGZKBMaA0QC5AhJHAsBNFat4UIgfGMNll0jOrzBdZRNz8:1uEP7V:uWusDc4xbX7QLDUcl5KLVS2jIafzNOW73NPvDaBkKJc	2025-05-26 10:06:45.954114+01
10emnqiaspq9n6fwgclqunovqokf44k4	.eJxVjLEOgzAMRP8lcxWFhBinY3e-AdnYKrRVIhGYqv57QWJox7v37t5moG2dhq3qMsxirqYxl9-OaXxqPoA8KN-LHUtel5ntodiTVtsX0dftdP8OJqrTvo6eKRJ0bSBKMYwtSScACBAA1EWXGnQJQbHbI3snwSEKe2TWqGw-X8QkN0w:1uEkzK:3JwBDV9TL0v-X6MRcDw704UayV3UxqE88G0rWTD3qQc	2025-05-27 09:27:46.969344+01
cfo3s3zuqont0zrmas5yor8r204k67jr	.eJxVjLEOgzAMRP8lcxWFhBinY3e-AdnYKrRVIhGYqv57QWJox7v37t5moG2dhq3qMsxirqYxl9-OaXxqPoA8KN-LHUtel5ntodiTVtsX0dftdP8OJqrTvo6eKRJ0bSBKMYwtSScACBAA1EWXGnQJQbHbI3snwSEKe2TWqGw-X8QkN0w:1uEkzL:XLmBn1XE_3cR_WpIS8-YOv6RCiN6LxVeXo3_leWa-RA	2025-05-27 09:27:47.679817+01
yy4mdp4gnrxagxn7fkm4w8udnye04ue8	.eJxVjLEOgzAMRP8lcxWFhBinY3e-AdnYKrRVIhGYqv57QWJox7v37t5moG2dhq3qMsxirqYxl9-OaXxqPoA8KN-LHUtel5ntodiTVtsX0dftdP8OJqrTvo6eKRJ0bSBKMYwtSScACBAA1EWXGnQJQbHbI3snwSEKe2TWqGw-X8QkN0w:1uFB0u:biVjmbmCWq2mAVUlPha1R67NKzJZtMjR8ZdKZ5uJlmU	2025-05-28 13:15:08.802253+01
m8n9kw58ozcmsz4xfv69k2x4bqln04cx	.eJxVjLEOgzAMRP8lcxWFhBinY3e-AdnYKrRVIhGYqv57QWJox7v37t5moG2dhq3qMsxirqYxl9-OaXxqPoA8KN-LHUtel5ntodiTVtsX0dftdP8OJqrTvo6eKRJ0bSBKMYwtSScACBAA1EWXGnQJQbHbI3snwSEKe2TWqGw-X8QkN0w:1uFEHB:xznT86gjyOZPyKCTl-xqf3kZ7_nwPunAfJ598WkhlOw	2025-05-28 16:44:09.520812+01
o1uyncv0i02cf369ylpz75ib8js427zg	.eJxVjLEOgzAMRP8lcxWFhBinY3e-AdnYKrRVIhGYqv57QWJox7v37t5moG2dhq3qMsxirqYxl9-OaXxqPoA8KN-LHUtel5ntodiTVtsX0dftdP8OJqrTvo6eKRJ0bSBKMYwtSScACBAA1EWXGnQJQbHbI3snwSEKe2TWqGw-X8QkN0w:1uGv0I:Ygf63388ujmPV8thMC1rAZvkCLzUWMMXY18pkrGewkA	2025-06-02 08:33:42.979165+01
sf0vurcrh00k9bldnojuqtxdav9b2pca	.eJxVjLEOgzAMRP8lcxWFhBinY3e-AdnYKrRVIhGYqv57QWJox7v37t5moG2dhq3qMsxirqYxl9-OaXxqPoA8KN-LHUtel5ntodiTVtsX0dftdP8OJqrTvo6eKRJ0bSBKMYwtSScACBAA1EWXGnQJQbHbI3snwSEKe2TWqGw-X8QkN0w:1uHHaO:99orYpOrD2EfuOYCbu3C5i4MOFpjfXGkav57NiNn-l0	2025-06-03 08:40:28.275202+01
m8m6yg3m8890wl5tst6ant9evt2a13al	.eJxVjMsOwiAURP-FtSGFiHJduvcbyH0hVQNJaVfGf7dNutDlzDkzb5NwmUtauk5pFHMx3hx-O0J-at2APLDem-VW52kkuyl2p93emujrurt_BwV7Wdcx5ECUPQ6RzkGjc5FRT-iU4xoCeQZxnp2DOGj2R0IVZgAQlZzBfL75cjj9:1uHKjC:CW_-SSb9iXytc_Mjt9uhA_-iAaRS4DSgfZjIUZtzX5o	2025-06-03 12:01:46.025214+01
r964hoto3awfzw4zbassapm8w6tctjj9	.eJxVjMsOwiAQRf-FtSE8xgAu3fsNZGAGqRpISrtq_Hdt0oVu7znnbiLiutS4Dp7jROIiQJx-t4T5yW0H9MB27zL3tsxTkrsiDzrkrRO_rof7d1Bx1G-dGLjYAJwgYLDaW49gHHqnLZcApI09KxWUKpxNBgJPjjKhSwoUsnh_AODAN_4:1uHKmG:LCycC6KCT1SYUxm65F1UrcIMY0SRrNHY5L_yQC35cUw	2025-06-03 12:04:56.604995+01
slmz2y47c6xj7cy2rnd0j6f0dvov7bxe	.eJxVjMsOwiAQRf-FtSHQ4VFcuvcbyAwMUjU0Ke3K-O_apAvd3nPOfYmI21rj1nmJUxZnAeL0uxGmB7cd5Du22yzT3NZlIrkr8qBdXufMz8vh_h1U7PVb68GTzhw0lILZGFBk06g5ULFuBF0cKR1sgOQBjPI8EIJPpnhyhRjE-wPdNTfS:1uHKmc:ioThDz-Bl8kiouKqV7Y6N4D426KF0PKuquYUsGYTVps	2025-06-03 12:05:18.408914+01
gtdisle1rsqz62jn4lu8cxyj04r0sbc4	.eJxVjMsOwiAQRf-FtSE8xgAu3fsNZGAGqRpISrtq_Hdt0oVu7znnbiLiutS4Dp7jROIiQJx-t4T5yW0H9MB27zL3tsxTkrsiDzrkrRO_rof7d1Bx1G-dGLjYAJwgYLDaW49gHHqnLZcApI09KxWUKpxNBgJPjjKhSwoUsnh_AODAN_4:1uHKqy:xEX5eNNm_J_D6bBw9gGLOEOLYQVBe8XvUajvybCZYOU	2025-06-03 12:09:48.503785+01
ach8ygbbfnv5j2f0nuifrxk3dh16iruj	.eJxVjDkOwjAURO_iGln-3kgo6TmD5b8EB5AjxUmFuDuJlAKqkea9mbdKeV1KWpvMaWR1UUGdfjvM9JS6A37kep80TXWZR9S7og_a9G1ieV0P9--g5Fa2NWLPfZaAEM8QzOAEjLMBxEePQLglOOuGGNGJJ-oYwBFLJ8Z6yqg-X-MwOBU:1uI36C:HlIQoh8tznpleNlVY3AaiEXlXyQEHczvZQjiLWQ8oVU	2025-06-05 11:24:28.16365+01
fgh13rlmqv1wvlfnkpzhiigrgu7mcwrr	.eJxVjLEOgzAMRP8lcxWFhBinY3e-AdnYKrRVIhGYqv57QWJox7v37t5moG2dhq3qMsxirqYxl9-OaXxqPoA8KN-LHUtel5ntodiTVtsX0dftdP8OJqrTvo6eKRJ0bSBKMYwtSScACBAA1EWXGnQJQbHbI3snwSEKe2TWqGw-X8QkN0w:1uIOyu:o-XNqCxMAOTRftgW46wgTWkfkNs2v5jHirI_kNAfOrs	2025-06-06 10:46:24.096212+01
rc0otj8tx57rtnjl7zfiauzjbii69d93	.eJxVjMsOwiAQRf-FtSE8xgAu3fsNZGAGqRpISrtq_Hdt0oVu7znnbiLiutS4Dp7jROIiQJx-t4T5yW0H9MB27zL3tsxTkrsiDzrkrRO_rof7d1Bx1G-dGLjYAJwgYLDaW49gHHqnLZcApI09KxWUKpxNBgJPjjKhSwoUsnh_AODAN_4:1uJVMr:MA01G503PquWJrwYOpdc128IqEhz1M9nQOXytpZGubE	2025-06-09 11:47:41.518052+01
eqqr7devgnaobb0qwj7asbtm233yb6y4	.eJxVjLEOgzAMRP8lcxWFhBinY3e-AdnYKrRVIhGYqv57QWJox7v37t5moG2dhq3qMsxirqYxl9-OaXxqPoA8KN-LHUtel5ntodiTVtsX0dftdP8OJqrTvo6eKRJ0bSBKMYwtSScACBAA1EWXGnQJQbHbI3snwSEKe2TWqGw-X8QkN0w:1uJWg8:4WNdnoBzpJEd58rU-1M-__1k9d1tMMtLOB9uvuG6rqo	2025-06-09 13:11:40.861732+01
ymfqlhubd95babpteeao6nrofvyizwrj	.eJxVjMsOwiAURP-FtSGFiHJduvcbyH0hVQNJaVfGf7dNutDlzDkzb5NwmUtauk5pFHMx3hx-O0J-at2APLDem-VW52kkuyl2p93emujrurt_BwV7Wdcx5ECUPQ6RzkGjc5FRT-iU4xoCeQZxnp2DOGj2R0IVZgAQlZzBfL75cjj9:1uJofU:ba7TC107-v0mUYa8c1ssAntSJWQOM8c2fGTKRydzHMk	2025-06-10 08:24:12.606949+01
n9gplf64bqqg7cn1d5lz02lx7kqkj5vl	.eJxVjEEOwiAQRe_C2hAoU6Au3XsGMjCMVA0kpV0Z765NutDtf-_9lwi4rSVsPS9hJnEWVpx-t4jpkesO6I711mRqdV3mKHdFHrTLa6P8vBzu30HBXr41TJHJMylyAJqANSdFXkVtMTllyJk8Tphg9M4B8WBNBjJoOZk8WC3eH_ttODo:1uKuyt:CkndCMKBxP8FgeJaRr8lg2Zh2XfzUIx8XOuCy95cXoo	2025-06-13 09:20:47.744825+01
c58bikkckqfpv4ed4dm0n3ykxphr67dv	.eJxVjLEOgzAMRP8lcxWFhBinY3e-AdnYKrRVIhGYqv57QWJox7v37t5moG2dhq3qMsxirqYxl9-OaXxqPoA8KN-LHUtel5ntodiTVtsX0dftdP8OJqrTvo6eKRJ0bSBKMYwtSScACBAA1EWXGnQJQbHbI3snwSEKe2TWqGw-X8QkN0w:1uMOx6:N5793rIMQC4Ux9PmLGjyMc_35ejJMNaSe5IJCiwKoJA	2025-06-17 11:33:04.36003+01
wrcdcirawu5zhppzbmj123zu1zu5hrt1	.eJxVjDkOwjAQAP_iGlk-gg9Ket5g7a69OIAcKU4qxN-RpRTQzozmLRLsW017L2uas7gIJ06_DIGepQ2RH9Dui6SlbeuMciTysF3ellxe16P9G1TodWytjmi8tyqwDY48RksGdSRmnJxBZWMJ2quoOJSzI1BOs89IkwbDLD5fx-03rg:1uMjqA:eLNPzXykN_LUWUisBlpAVr044U1o48_W8RlAAR2ku-0	2025-06-18 09:51:18.51757+01
olbva1huibvv085r53cj0qc35d4ouykg	.eJxVjLEOgzAMRP8lcxWFhBinY3e-AdnYKrRVIhGYqv57QWJox7v37t5moG2dhq3qMsxirqYxl9-OaXxqPoA8KN-LHUtel5ntodiTVtsX0dftdP8OJqrTvo6eKRJ0bSBKMYwtSScACBAA1EWXGnQJQbHbI3snwSEKe2TWqGw-X8QkN0w:1uOx8U:9dUaYN0H9Cg6wKDUjKJIGADr65O8g-JOV9YQ9woUbpg	2025-06-24 12:27:22.817667+01
p7jmvmjgibfb08tho0m6sm3fcgp6mei6	.eJxVjLEOgzAMRP8lcxWFhBinY3e-AdnYKrRVIhGYqv57QWJox7v37t5moG2dhq3qMsxirqYxl9-OaXxqPoA8KN-LHUtel5ntodiTVtsX0dftdP8OJqrTvo6eKRJ0bSBKMYwtSScACBAA1EWXGnQJQbHbI3snwSEKe2TWqGw-X8QkN0w:1uRTjo:pFG3g4vFXvfvpKGeQJ-k7HW5TcgiZloKLBAsTK4TL6A	2025-07-01 11:40:20.008404+01
itfpte19lyozethpo0ija5wipr13wdzq	.eJxVjLEOgzAMRP8lcxWFhBinY3e-AdnYKrRVIhGYqv57QWJox7v37t5moG2dhq3qMsxirqYxl9-OaXxqPoA8KN-LHUtel5ntodiTVtsX0dftdP8OJqrTvo6eKRJ0bSBKMYwtSScACBAA1EWXGnQJQbHbI3snwSEKe2TWqGw-X8QkN0w:1uRpBT:bdQjQjnD7v-KdKGXOjSgJRwzttPc-1R_jeg3T4sxZzY	2025-07-02 10:34:19.323215+01
lp70bpv640vna3uxiitksx45zfu9ngjw	.eJxVjLEOgzAMRP8lcxWFhBinY3e-AdnYKrRVIhGYqv57QWJox7v37t5moG2dhq3qMsxirqYxl9-OaXxqPoA8KN-LHUtel5ntodiTVtsX0dftdP8OJqrTvo6eKRJ0bSBKMYwtSScACBAA1EWXGnQJQbHbI3snwSEKe2TWqGw-X8QkN0w:1uRpg6:hmfTT3EtPs-HHNCRlCzLIX7fcfeAeIQZMv-EKmne5X0	2025-07-02 11:05:58.483386+01
7wtvdeotw5jzc8zq4cvcjuz7qxvpvips	.eJxVjLEOgzAMRP8lcxWFhBinY3e-AdnYKrRVIhGYqv57QWJox7v37t5moG2dhq3qMsxirqYxl9-OaXxqPoA8KN-LHUtel5ntodiTVtsX0dftdP8OJqrTvo6eKRJ0bSBKMYwtSScACBAA1EWXGnQJQbHbI3snwSEKe2TWqGw-X8QkN0w:1uRpjc:YLCD6W8xFV5oNGUYaiVTIjzmTLbvmU0LsFV_0e49Fy4	2025-07-02 11:09:36.982276+01
zik1ytmhz0sy7d4sfgxmpm5ixzuyprzh	.eJxVjLEOgzAMRP8lcxWFhBinY3e-AdnYKrRVIhGYqv57QWJox7v37t5moG2dhq3qMsxirqYxl9-OaXxqPoA8KN-LHUtel5ntodiTVtsX0dftdP8OJqrTvo6eKRJ0bSBKMYwtSScACBAA1EWXGnQJQbHbI3snwSEKe2TWqGw-X8QkN0w:1uWtuV:FnC5Pq5XOt3OZMJPfk_2BELHi-aFYiSyMPKDrh0PRII	2025-07-16 10:37:47.679981+01
21a4sp38xo06liu95737ouoqovlocozu	.eJxVjLEOgzAMRP8lcxWFhBinY3e-AdnYKrRVIhGYqv57QWJox7v37t5moG2dhq3qMsxirqYxl9-OaXxqPoA8KN-LHUtel5ntodiTVtsX0dftdP8OJqrTvo6eKRJ0bSBKMYwtSScACBAA1EWXGnQJQbHbI3snwSEKe2TWqGw-X8QkN0w:1uWuWv:XxeUzfoMX1771E8jKOElTIAIUId_77Mxi22aflafyNU	2025-07-16 11:17:29.9572+01
8yr75c281dx3yvfxhmpm167mkl74okjq	.eJxVjLEOgzAMRP8lcxWFhBinY3e-AdnYKrRVIhGYqv57QWJox7v37t5moG2dhq3qMsxirqYxl9-OaXxqPoA8KN-LHUtel5ntodiTVtsX0dftdP8OJqrTvo6eKRJ0bSBKMYwtSScACBAA1EWXGnQJQbHbI3snwSEKe2TWqGw-X8QkN0w:1uXHgv:8sPCoTx127ABNdOnkHrjZiOnFnDUPv8FpmOYyNzdMfE	2025-07-17 12:01:21.034158+01
5rjaabweibgl6q1h6pehu56mv6x7kqq3	.eJxVjLEOgzAMRP8lcxWFhBinY3e-AdnYKrRVIhGYqv57QWJox7v37t5moG2dhq3qMsxirqYxl9-OaXxqPoA8KN-LHUtel5ntodiTVtsX0dftdP8OJqrTvo6eKRJ0bSBKMYwtSScACBAA1EWXGnQJQbHbI3snwSEKe2TWqGw-X8QkN0w:1uZU84:hKENrIUbiREkMGkZheUqrNDEeWjVqiwdKfaoFu1Rpbo	2025-07-23 13:42:28.937512+01
\.


--
-- Data for Name: ensayos_clo; Type: TABLE DATA; Schema: public; Owner: postgres
--

COPY public.ensayos_clo (id, "temperaturaAmbiente", humedad, cerillas, boquilla, "fechaAuto", "fechaRev", resultado, unidad, observacion, "horasEnsayo", ensayo_id, muestra_id, "fechaFin", "fechaInicio", usuario_id, "temperaturaEsfera") FROM stdin;
3	24.00	947.00	1	1	2025-06-04	2025-06-04	13	%		4.00	13	9	2025-05-30	2025-05-29	2	47.00
5	22.00	22.00	1	1	2025-06-04	2025-06-04	13	%		4.00	13	15	2025-06-04	2025-06-04	1	22.00
\.


--
-- Data for Name: ensayos_clo_equipos; Type: TABLE DATA; Schema: public; Owner: postgres
--

COPY public.ensayos_clo_equipos (id, clo_id, equipos_id) FROM stdin;
1	3	5
2	3	7
3	3	8
4	3	9
5	3	19
6	5	5
7	5	7
8	5	8
9	5	9
10	5	19
\.


--
-- Data for Name: ensayos_emi; Type: TABLE DATA; Schema: public; Owner: postgres
--

COPY public.ensayos_emi (id, "temperaturaAmbiente", humedad, presion, inductancia, "fechaAuto", "fechaRev", resultado, unidad, observacion, "horasEnsayo", ensayo_id, muestra_id, "fechaFin", "fechaInicio", usuario_id) FROM stdin;
4	20.00	34.00	947.70	1	2025-05-19	2025-05-19	N/D	mJ		1.00	6	1	2025-05-12	2025-05-12	1
12	\N	\N	\N	1	2025-05-23	2025-05-23	\N	mJ	\N	1.00	6	11	\N	\N	\N
13	23.00	47.00	947.00	1	2025-05-27	2025-05-27	190	mJ		1.00	6	4	2025-05-21	2025-05-21	2
14	24.00	34.00	946.00	1	2025-05-27	2025-05-27	N/D	mJ	Sin observaciones	1.00	6	2	2025-05-12	2025-05-12	2
15	\N	\N	\N	1	2025-05-27	2025-05-27	\N	mJ	\N	1.00	6	12	\N	\N	\N
18	23.00	44.00	947.00	1	2025-06-04	2025-06-04	480	mJ		1.00	6	9	2025-05-29	2025-05-28	2
21	20.00	42.00	947.00	1	2025-06-06	2025-06-06	1	mJ		1.00	6	8	2025-06-06	2025-06-05	2
30	23.00	50.00	948.00	1	2025-06-12	2025-06-12	N/D	mJ		1.00	6	3	2025-05-22	2025-05-22	2
31	22.00	22.00	946.00	1	2025-06-17	2025-06-17	N/D	mJ		1.00	6	15	2025-06-04	2025-06-04	1
\.


--
-- Data for Name: ensayos_emi_equipos; Type: TABLE DATA; Schema: public; Owner: postgres
--

COPY public.ensayos_emi_equipos (id, emi_id, equipos_id) FROM stdin;
5	4	19
6	4	3
7	4	5
8	4	14
17	13	19
18	13	3
19	13	5
20	13	14
21	14	19
22	14	3
23	14	5
24	14	14
25	18	19
26	18	3
27	18	5
28	18	14
33	21	19
34	21	3
35	21	5
36	21	14
69	30	19
70	30	3
71	30	5
72	30	14
73	31	19
74	31	3
75	31	5
76	31	14
\.


--
-- Data for Name: ensayos_emisin; Type: TABLE DATA; Schema: public; Owner: postgres
--

COPY public.ensayos_emisin (id, "temperaturaAmbiente", humedad, presion, inductancia, "fechaAuto", "fechaRev", resultado, unidad, observacion, "horasEnsayo", ensayo_id, muestra_id, "fechaFin", "fechaInicio", usuario_id) FROM stdin;
4	22.00	23.00	946.00	2	2025-06-04	2025-06-04	N/D	mJ		1.00	15	15	2025-06-04	2025-06-04	1
\.


--
-- Data for Name: ensayos_emisin_equipos; Type: TABLE DATA; Schema: public; Owner: postgres
--

COPY public.ensayos_emisin_equipos (id, emisin_id, equipos_id) FROM stdin;
1	4	19
2	4	3
3	4	14
\.


--
-- Data for Name: ensayos_granulometria; Type: TABLE DATA; Schema: public; Owner: postgres
--

COPY public.ensayos_granulometria (id, "temperaturaAmbiente", humedad, "fechaAuto", "fechaRev", via, d10, d50, d90, resultado, unidad, archivo, "horasEnsayo", ensayo_id, muestra_id, "fechaFin", "fechaInicio", usuario_id) FROM stdin;
4	22.00	44.00	2025-05-20	2025-05-20	1.0	15.590	483.237	1303.598	483.237	um	archivosGranulometria/CBO-3.pdf	1.00	3	1	2025-05-13	2025-05-13	2
6	21.00	46.00	2025-05-20	2025-05-20	1.0	86.262	372.704	1241.091	372.704	um	archivosGranulometria/BRZ-1.pdf	1.00	3	4	2025-05-20	2025-05-20	4
9	23.00	36.00	2025-05-23	2025-05-23	1.0	6.111	312.489	1230.256	312.489	um	archivosGranulometria/CBO-4.pdf	1.00	3	2	2025-05-13	2025-05-13	2
10	\N	\N	2025-05-23	2025-05-23	\N	\N	\N	\N	\N	um		1.00	3	11	\N	\N	\N
11	23.00	46.00	2025-05-26	2025-05-26	1.0	10.780	141.621	332.227	141.621	um	archivosGranulometria/APV-62.pdf	1.00	3	3	2025-05-26	2025-05-26	4
13	23.00	46.00	2025-05-26	2025-05-26	1.0	3.088	11.432	27.109	11.432	um	archivosGranulometria/DET-2_nye40yS.pdf	1.00	3	8	2025-05-26	2025-05-26	4
17	23.00	48.00	2025-06-04	2025-06-04	1.0	0.508	2.298	21.806	2.298	um	archivosGranulometria/CHM-4.pdf	1.00	3	9	2025-06-28	2025-06-28	2
20	22.00	22.00	2025-06-04	2025-06-04	1.0	10.000	20.000	10.000	20.000	um	archivosGranulometria/AGG-1.pdf	1.00	3	15	2025-06-04	2025-06-04	1
21	24.00	44.00	2025-06-09	2025-06-09	1.0	24.095	144.094	495.177	144.094	um	archivosGranulometria/VLX-1.pdf	1.00	3	12	2025-06-05	2025-06-05	2
\.


--
-- Data for Name: ensayos_granulometria_equipos; Type: TABLE DATA; Schema: public; Owner: postgres
--

COPY public.ensayos_granulometria_equipos (id, granulometria_id, equipos_id) FROM stdin;
1	4	17
2	4	2
3	4	19
4	6	17
5	6	2
6	6	19
7	9	17
8	9	2
9	9	19
10	11	17
11	11	2
12	11	19
14	13	2
15	17	17
16	17	2
17	17	19
21	20	17
22	20	2
23	20	19
24	21	17
25	21	2
26	21	19
\.


--
-- Data for Name: ensayos_humedad; Type: TABLE DATA; Schema: public; Owner: postgres
--

COPY public.ensayos_humedad (id, "temperaturaAmbiente", humedad, criterio, "tDesecacion", desviacion, "tiempoEnsayo", observacion, "fechaAuto", "fechaRev", resultado, unidad, "horasEnsayo", ensayo_id, muestra_id, "fechaFin", "fechaInicio", usuario_id) FROM stdin;
3	23.00	38.00	5	105	0.14	\N		2025-05-14	2025-05-14	11.81	%	1.00	2	1	2025-05-13	2025-05-13	1
4	23.00	38.00	5	105	0.35	\N		2025-05-14	2025-05-14	11.76	%	1.00	2	2	2025-05-13	2025-05-13	1
5	21.00	46.00	5	105	0.01	\N		2025-05-20	2025-05-20	1.44	%	1.00	2	4	2025-05-20	2025-05-20	4
7	23.00	46.00	5	105	0.11	\N		2025-05-26	2025-05-26	9.37	%	1.00	2	3	2025-05-26	2025-05-26	4
9	23.00	46.00	5	105	0.05	\N		2025-05-26	2025-05-26	0.16	%	1.00	2	8	2025-05-26	2025-05-26	4
10	23.00	48.00	5	105	0.03	\N		2025-06-04	2025-06-04	3.54	%	1.00	2	9	2025-05-28	2025-05-28	2
13	24.00	44.00	5	105	0.09	\N		2025-06-09	2025-06-09	0.8	%	1.00	2	12	2025-06-05	2025-06-05	2
16	22.00	23.00	5	105	0.05	\N		2025-07-02	2025-07-02	4.41	%	1.00	2	15	2025-06-04	2025-06-04	1
\.


--
-- Data for Name: ensayos_humedad_equipos; Type: TABLE DATA; Schema: public; Owner: postgres
--

COPY public.ensayos_humedad_equipos (id, humedad_id, equipos_id) FROM stdin;
1	3	19
2	3	4
3	4	19
4	4	4
5	5	19
6	5	4
9	7	19
10	7	4
13	9	19
14	9	4
15	10	19
16	10	4
21	13	19
22	13	4
27	16	19
28	16	4
\.


--
-- Data for Name: ensayos_lie; Type: TABLE DATA; Schema: public; Owner: postgres
--

COPY public.ensayos_lie (id, "temperaturaAmbiente", humedad, cerillas, boquilla, "fechaAuto", "fechaRev", resultado, unidad, observacion, "horasEnsayo", ensayo_id, muestra_id, "fechaFin", "fechaInicio", usuario_id, "temperaturaEsfera") FROM stdin;
8	23.00	36.00	1	1	2025-05-20	2025-05-20	250	g/m3		2.00	5	1	2025-05-13	2025-05-13	2	23.00
13	\N	\N	\N	\N	2025-05-23	2025-05-23	\N	g/m3	\N	2.00	5	11	\N	\N	\N	\N
15	23.00	41.00	1	1	2025-05-27	2025-05-27	N/D	g/m3	Sin Observaciones	2.00	5	4	2025-05-26	2025-05-26	2	23.00
16	22.00	45.00	1	1	2025-05-27	2025-05-27	60	g/m3	Sin observaciones	2.00	5	2	2025-05-14	2025-05-14	2	22.00
17	\N	\N	\N	\N	2025-05-27	2025-05-27	\N	g/m3	\N	2.00	5	12	\N	\N	\N	\N
20	23.00	948.00	1	1	2025-06-04	2025-06-04	30	g/m3		2.00	5	9	2025-05-28	2025-05-28	2	48.00
25	23.00	48.00	1	1	2025-06-06	2025-06-06	30	g/m3		2.00	5	8	2025-05-27	2025-05-27	2	23.00
26	23.00	30.00	1	1	2025-06-09	2025-06-09	250	g/m3		2.00	5	3	2025-05-23	2025-05-23	2	23.00
27	22.00	22.00	1	1	2025-06-11	2025-06-11	125	g/m3		2.00	5	15	2025-06-04	2025-06-04	1	22.00
\.


--
-- Data for Name: ensayos_lie_equipos; Type: TABLE DATA; Schema: public; Owner: postgres
--

COPY public.ensayos_lie_equipos (id, lie_id, equipos_id) FROM stdin;
1	8	5
2	8	7
3	8	8
4	8	9
5	8	19
16	15	5
17	15	7
18	15	8
19	15	9
20	15	19
21	16	5
22	16	7
23	16	8
24	16	9
25	16	19
31	20	5
32	20	7
33	20	8
34	20	9
35	20	19
51	25	5
52	25	7
53	25	8
54	25	9
55	25	19
56	26	5
57	26	7
58	26	8
59	26	9
60	26	19
61	27	5
62	27	7
63	27	8
64	27	9
65	27	19
\.


--
-- Data for Name: ensayos_n1; Type: TABLE DATA; Schema: public; Owner: postgres
--

COPY public.ensayos_n1 (id, "temperaturaAmbiente", humedad, "tipoPolvo", "pruebaPreseleccion", resultado, "fechaAuto", "fechaRev", observacion, "horasEnsayo", ensayo_id, muestra_id, "fechaFin", "fechaInicio", usuario_id) FROM stdin;
7	22.00	22.00	2	2	1	2025-06-10	2025-06-10		3.00	8	15	2025-06-04	2025-06-04	1
\.


--
-- Data for Name: ensayos_n1_equipos; Type: TABLE DATA; Schema: public; Owner: postgres
--

COPY public.ensayos_n1_equipos (id, n1_id, equipos_id) FROM stdin;
4	7	10
\.


--
-- Data for Name: ensayos_n2; Type: TABLE DATA; Schema: public; Owner: postgres
--

COPY public.ensayos_n2 (id, "temperaturaAmbiente", humedad, "fechaRev", resultado, observacion, "horasEnsayo", ensayo_id, muestra_id, "fechaFin", "fechaInicio", usuario_id) FROM stdin;
3	22.00	23.00	2025-06-04	2		1.00	9	15	2025-06-04	2025-06-04	1
\.


--
-- Data for Name: ensayos_n2_equipos; Type: TABLE DATA; Schema: public; Owner: postgres
--

COPY public.ensayos_n2_equipos (id, n2_id, equipos_id) FROM stdin;
1	3	10
\.


--
-- Data for Name: ensayos_n4; Type: TABLE DATA; Schema: public; Owner: postgres
--

COPY public.ensayos_n4 (id, "temperaturaAmbiente", humedad, "fechaAuto", "fechaRev", resultado, observacion, "horasEnsayo", ensayo_id, muestra_id, "fechaFin", "fechaInicio", usuario_id) FROM stdin;
3	22.00	22.00	2025-06-04	2025-06-04	5		4.00	10	15	2025-06-04	2025-06-04	1
\.


--
-- Data for Name: ensayos_n4_equipos; Type: TABLE DATA; Schema: public; Owner: postgres
--

COPY public.ensayos_n4_equipos (id, n4_id, equipos_id) FROM stdin;
1	3	12
2	3	15
\.


--
-- Data for Name: ensayos_o1; Type: TABLE DATA; Schema: public; Owner: postgres
--

COPY public.ensayos_o1 (id, "temperaturaAmbiente", humedad, "ensayoHumedad", "fechaAuto", "fechaRev", resultado, observacion, "horasEnsayo", ensayo_id, muestra_id, "fechaFin", "fechaInicio", usuario_id) FROM stdin;
3	22.00	22.00		2025-06-04	2025-06-04	1		5.00	11	15	2025-06-04	2025-06-04	1
\.


--
-- Data for Name: ensayos_o1_equipos; Type: TABLE DATA; Schema: public; Owner: postgres
--

COPY public.ensayos_o1_equipos (id, o1_id, equipos_id) FROM stdin;
1	3	10
2	3	11
3	3	13
\.


--
-- Data for Name: ensayos_pmax; Type: TABLE DATA; Schema: public; Owner: postgres
--

COPY public.ensayos_pmax (id, "temperaturaAmbiente", humedad, cerillas, boquilla, "fechaAuto", "fechaRev", pmax, dpdt, kmax, "unidadPmax", "unidadDpdt", observacion, "horasEnsayo", ensayo_id, muestra_id, "fechaFin", "fechaInicio", usuario_id, "temperaturaEsfera") FROM stdin;
2	21.00	46.00	1	1	2025-05-20	2025-05-20	8.1	428	116	bar	bar/s		5.00	7	2	2025-05-20	2025-05-19	1	21.00
5	23.00	36.00	1	1	2025-05-20	2025-05-20	6.9	161	44	bar	bar/s		5.00	7	1	2025-05-13	2025-05-13	2	23.00
8	\N	\N	\N	\N	2025-05-23	2025-05-23	\N	\N	\N	g/m3	bar/s	\N	5.00	7	11	\N	\N	\N	\N
9	23.00	41.00	1	1	2025-05-27	2025-05-27	4.9	71	19	bar	bar/s	Sin  Observaciones	5.00	7	4	2025-05-26	2025-05-26	2	23.00
10	\N	\N	\N	\N	2025-05-27	2025-05-27	\N	\N	\N	g/m3	bar/s	\N	5.00	7	12	\N	\N	\N	\N
12	23.00	947.00	2	1	2025-06-04	2025-06-04	7.2	498	135	bar	bar/s		5.00	7	9	2025-05-28	2025-05-28	2	48.00
16	23.00	48.00	1	1	2025-06-06	2025-06-06	7.3	819	222	bar	bar/s		5.00	7	8	2025-05-27	2025-05-27	2	23.00
17	22.00	23.00	1	1	2025-06-11	2025-06-11	6.7	149	40	bar	bar/s		5.00	7	15	2025-06-04	2025-06-04	1	23.00
18	23.00	46.00	2	1	2025-06-12	2025-06-12	6.7	149	40	bar	bar/s		5.00	7	3	2025-06-03	2025-05-26	2	23.00
\.


--
-- Data for Name: ensayos_pmax_equipos; Type: TABLE DATA; Schema: public; Owner: postgres
--

COPY public.ensayos_pmax_equipos (id, pmax_id, equipos_id) FROM stdin;
1	2	5
2	2	7
3	2	8
4	2	9
5	2	14
6	2	19
7	5	5
8	5	7
9	5	8
10	5	9
11	5	19
12	9	5
13	9	7
14	9	8
15	9	9
16	9	19
17	12	5
18	12	7
19	12	8
20	12	9
21	12	19
32	16	5
33	16	7
34	16	8
35	16	9
36	16	19
37	17	5
38	17	7
39	17	8
40	17	9
41	17	19
42	18	5
43	18	7
44	18	8
45	18	9
46	18	19
\.


--
-- Data for Name: ensayos_rec; Type: TABLE DATA; Schema: public; Owner: postgres
--

COPY public.ensayos_rec (id, "temperaturaAmbiente", humedad, "fechaAuto", "fechaRev", resultado, unidad, observacion, "horasEnsayo", ensayo_id, muestra_id, "fechaFin", "fechaInicio", usuario_id, presion) FROM stdin;
20	24.00	37.00	2025-06-11	2025-06-11	268500000000.00	ohm·m		1.00	12	9	2025-06-30	2025-05-30	1	957.00
21	22.00	22.00	2025-06-17	2025-06-17	292000000000.00	ohm·m		1.00	12	15	2025-06-11	2025-06-11	1	946.00
\.


--
-- Data for Name: ensayos_rec_equipos; Type: TABLE DATA; Schema: public; Owner: postgres
--

COPY public.ensayos_rec_equipos (id, rec_id, equipos_id) FROM stdin;
43	20	19
44	20	6
45	20	14
46	21	19
47	21	6
48	21	14
\.


--
-- Data for Name: ensayos_resultadosclo; Type: TABLE DATA; Schema: public; Owner: postgres
--

COPY public.ensayos_resultadosclo (id, concentracion, peso, pex, pm, dpdt, oxigeno, resultado, ensayo_id) FROM stdin;
1	500	10.00	6.60	6.70	133	17	1	3
2	500	10.00	6.40	6.50	181	16	1	3
3	500	10.00	5.90	6.00	78	15	1	3
4	500	10.00	0.30	0.00	0	13	2	3
5	500	10.00	0.30	0.00	0	13	2	3
6	500	10.00	4.80	4.80	27	14	1	3
7	750	15.00	0.30	0.00	0	13	2	3
8	250	5.00	0.30	0.00	0	13	2	3
9	500	10.00	6.60	6.70	133	17	1	5
10	500	10.00	6.40	6.50	181	16	1	5
11	500	10.00	5.90	6.00	78	15	1	5
12	500	10.00	0.30	0.00	0	13	2	5
13	500	10.00	0.30	0.00	0	13	2	5
14	500	10.00	4.80	4.80	27	14	1	5
15	750	15.00	0.30	0.00	0	13	2	5
16	250	5.00	0.30	0.00	0	13	2	5
\.


--
-- Data for Name: ensayos_resultadosemi; Type: TABLE DATA; Schema: public; Owner: postgres
--

COPY public.ensayos_resultadosemi (id, concentracion, energia, retardo, resultado, "numeroEnsayo", ensayo_id) FROM stdin;
12	1200	1000	120	2	10	4
13	2000	1000	120	2	10	4
14	3000	1000	120	2	10	4
15	750	1000	60	2	10	4
16	1200	1000	60	2	10	4
17	2000	1000	60	2	10	4
18	3000	1000	60	2	10	4
19	750	1000	180	2	10	4
20	1200	1000	180	2	10	4
21	2000	1000	180	2	10	4
22	3000	1000	180	2	10	4
45	1200	1000	120	1	1	13
46	750	300	120	2	10	13
47	1200	300	120	2	10	13
48	2000	1000	120	1	3	13
49	2000	300	120	1	5	13
50	2000	100	120	2	10	13
51	3000	300	120	1	7	13
52	3000	100	120	2	10	13
53	3000	1000	120	1	1	13
54	750	1000	60	1	1	13
55	1200	1000	60	1	5	13
56	2000	1000	60	1	5	13
57	3000	1000	60	1	4	13
58	750	300	60	1	1	13
59	750	100	60	2	10	13
60	1200	300	60	2	10	13
61	2000	300	60	2	10	13
62	3000	300	60	1	5	13
63	3000	100	60	2	10	13
64	2000	100	60	2	10	13
65	1200	100	60	2	10	13
66	750	1000	180	1	1	13
67	750	300	180	2	10	13
68	1200	1000	180	1	1	13
69	2000	1000	180	1	1	13
70	1200	300	180	2	10	13
71	2000	300	180	1	1	13
72	3000	1000	180	1	1	13
73	3000	300	180	1	1	13
74	2000	100	180	2	10	13
75	3000	100	180	2	10	13
76	1200	100	180	2	10	13
77	750	100	180	2	10	13
78	1200	1000	120	2	10	14
79	2000	1000	120	2	10	14
80	3000	1000	120	2	10	14
81	750	1000	60	2	10	14
82	1200	1000	60	2	10	14
83	2000	1000	60	2	10	14
84	3000	1000	60	2	10	14
85	750	1000	180	2	10	14
86	1200	1000	180	2	10	14
87	2000	1000	180	2	10	14
88	3000	1000	180	2	10	14
89	1200	1000	120	2	10	18
90	750	1000	120	1	3	18
91	750	300	120	2	10	18
92	2000	1000	120	2	10	18
93	3000	1000	120	2	10	18
94	1200	1000	180	1	2	18
95	1200	300	180	2	10	18
96	750	1000	180	1	1	18
97	750	1000	180	1	1	18
98	750	300	180	2	10	18
99	2000	1000	180	1	6	18
100	2000	300	180	2	10	18
101	3000	1000	180	2	10	18
102	750	1000	60	2	10	18
103	1200	1000	60	2	10	18
104	2000	1000	60	2	10	18
105	3000	1000	60	2	10	18
118	750	1000	120	1	1	21
119	750	300	120	1	1	21
120	750	100	120	1	2	21
121	750	30	120	1	3	21
122	750	10	120	2	10	21
123	1200	30	120	1	2	21
124	1200	10	120	1	3	21
125	1200	3	120	1	2	21
126	1200	1	120	2	10	21
127	750	3	120	1	3	21
128	750	1	120	2	10	21
129	2000	3	120	1	8	21
130	2000	1	120	2	10	21
131	3000	3	120	2	10	21
132	750	30	60	1	3	21
133	750	10	60	2	10	21
134	1200	30	60	1	2	21
135	1200	10	60	1	1	21
136	1200	3	60	1	2	21
137	1200	1	60	2	10	21
138	2000	3	60	2	10	21
139	2000	10	60	1	7	21
140	3000	10	60	1	4	21
141	3000	3	60	1	10	21
142	3000	1	60	2	10	21
143	750	30	180	1	1	21
144	750	10	180	2	10	21
145	1200	10	180	2	10	21
146	1200	30	180	1	2	21
147	2000	30	180	1	3	21
148	2000	10	180	1	4	21
149	2000	3	180	1	5	21
150	2000	1	180	2	10	21
151	3000	3	180	1	1	21
152	3000	1	180	2	10	21
153	3000	10	120	1	1	21
250	750	1000	120	2	10	30
251	1200	1000	120	2	10	30
252	2000	1000	120	2	10	30
253	3000	1000	120	2	10	30
254	750	1000	60	2	10	30
255	1200	1000	60	2	10	30
256	2000	1000	60	2	10	30
257	3000	1000	60	2	10	30
258	750	1000	180	2	10	30
259	1200	1000	180	2	10	30
260	2000	1000	180	2	10	30
261	3000	1000	180	2	10	30
262	750	1000	120	2	10	31
263	1200	1000	120	2	10	31
264	2000	1000	120	2	10	31
265	3000	1000	120	2	10	31
266	750	1000	60	2	10	31
267	1200	1000	60	2	10	31
268	2000	1000	60	2	10	31
269	3000	1000	60	2	10	31
270	750	1000	180	2	10	31
271	1200	1000	180	2	10	31
272	2000	1000	180	2	10	31
273	3000	1000	180	2	10	31
\.


--
-- Data for Name: ensayos_resultadosemisin; Type: TABLE DATA; Schema: public; Owner: postgres
--

COPY public.ensayos_resultadosemisin (id, concentracion, energia, retardo, resultado, "numeroEnsayo", ensayo_id) FROM stdin;
1	750	1000	120	2	10	4
2	1200	1000	120	2	10	4
3	2000	1000	120	2	10	4
4	3000	1000	120	2	10	4
5	750	1000	60	2	10	4
6	1200	1000	60	2	10	4
7	2000	1000	60	2	10	4
8	3000	1000	60	2	10	4
9	750	1000	180	2	10	4
10	1200	1000	180	2	10	4
11	2000	1000	180	2	10	4
12	3000	1000	180	2	10	4
\.


--
-- Data for Name: ensayos_resultadoshumedad; Type: TABLE DATA; Schema: public; Owner: postgres
--

COPY public.ensayos_resultadoshumedad (id, resultado, ensayo_id) FROM stdin;
1	11.65	3
2	11.90	3
3	11.88	3
4	12.25	4
5	11.87	4
6	11.56	4
7	10.72	4
8	12.21	4
9	12.27	4
10	11.92	4
11	11.92	4
12	11.45	4
13	11.4	4
14	1.44	5
15	1.45	5
16	1.44	5
20	9.3	7
21	9.31	7
22	9.50	7
26	0.11	9
27	0.21	9
28	0.16	9
29	3.55	10
30	3.56	10
31	3.50	10
38	0.81	13
39	0.70	13
40	0.88	13
61	4.46	16
62	4.4	16
63	4.37	16
\.


--
-- Data for Name: ensayos_resultadoslie; Type: TABLE DATA; Schema: public; Owner: postgres
--

COPY public.ensayos_resultadoslie (id, concentracion, peso, pex, pm, dpdt, resultado, ensayo_id) FROM stdin;
1	125	2.50	0.30	0.00	0	2	8
2	250	5.00	0.30	0.00	0	2	8
3	500	10.00	0.60	0.30	18	1	8
4	250	5.00	0.30	0.00	0	2	8
5	250	5.00	0.40	0.10	0	2	8
6	250	5.00	0.40	0.10	0	2	8
16	60	1.20	2.10	0.00	0		15
17	60	1.20	0.30	0.00	0		15
18	60	1.20	0.30	0.00	0		15
19	60	1.20	0.20	0.00	0		15
20	500	10.00	5.60	5.60	23	1	16
21	125	2.50	0.30	0.00	0	2	16
22	125	2.50	0.70	0.40	21	1	16
23	250	5.00	5.40	5.40	36	1	16
24	60	1.20	0.30	0.00	0	2	16
25	60	1.20	0.30	0.00	0	2	16
26	60	1.20	0.30	0.00	0	2	16
27	60	1.20	0.30	0.00	0	2	16
34	125	2.50	5.60	5.60	245	1	20
35	30	0.60	0.30	0.00	0	2	20
36	60	1.20	0.70	0.40	18	1	20
37	30	0.60	0.30	0.00	0	2	20
38	30	0.60	0.30	0.00	0	2	20
39	30	0.60	0.30	0.00	0	2	20
60	250	5.00	5.70	5.70	404	1	25
61	125	2.50	4.80	4.80	244	1	25
62	60	1.20	0.70	0.40	20	1	25
63	30	0.60	0.30	0.00	0	2	25
64	30	0.60	0.30	0.00	0	2	25
65	30	0.60	0.30	0.00	0	2	25
66	30	0.60	0.30	0.00	0	2	25
67	250	5.00	0.30	0.00	0	2	26
68	500	10.00	0.60	0.30	19	1	26
69	250	5.00	0.30	0.00	0	2	26
70	250	5.00	0.30	0.00	0	2	26
71	250	5.00	0.30	0.00	0	2	26
72	250	5.00	0.50	0.00	0	1	27
73	500	10.00	0.50	0.30	19	1	27
74	250	5.00	0.30	0.00	0	2	27
75	250	5.00	0.30	0.00	0	2	27
76	250	5.00	0.30	0.00	0	2	27
77	250	5.00	0.30	0.00	0	2	27
78	250	5.00	0.30	0.00	0	2	27
79	250	5.00	0.30	0.00	0	2	27
\.


--
-- Data for Name: ensayos_resultadosn1; Type: TABLE DATA; Schema: public; Owner: postgres
--

COPY public.ensayos_resultadosn1 (id, tiempo, "zonaHumeda", ensayo_id) FROM stdin;
22	\N	0	7
23	\N	0	7
24	\N	0	7
25	\N	0	7
26	\N	0	7
27	\N	0	7
28	\N	0	7
\.


--
-- Data for Name: ensayos_resultadosn2; Type: TABLE DATA; Schema: public; Owner: postgres
--

COPY public.ensayos_resultadosn2 (id, resultado, ensayo_id) FROM stdin;
1	1	3
2	1	3
3	1	3
4	1	3
5	1	3
6	1	3
\.


--
-- Data for Name: ensayos_resultadosn4; Type: TABLE DATA; Schema: public; Owner: postgres
--

COPY public.ensayos_resultadosn4 (id, celda, "tConsigna", "tMax", tiempo, resultado, ensayo_id) FROM stdin;
1	2	3	755.00	1440	1	3
2	1	3	150.00	1440	2	3
3	2	2	210.00	1440	1	3
4	2	1	159.00	1440	2	3
\.


--
-- Data for Name: ensayos_resultadoso1; Type: TABLE DATA; Schema: public; Owner: postgres
--

COPY public.ensayos_resultadoso1 (id, "ensayoReferencia", proporcion, tiempo1, tiempo2, tiempo3, tiempo4, tiempo5, resultado, ensayo_id) FROM stdin;
1	t	1	50	50	50	50	50	50	3
2	t	2	50	50	50	50	50	50	3
3	t	3	50	50	50	50	50	50	3
4	f	4	70	70	70	70	70	70	3
5	f	5	90	90	90	90	90	90	3
\.


--
-- Data for Name: ensayos_resultadospmax; Type: TABLE DATA; Schema: public; Owner: postgres
--

COPY public.ensayos_resultadospmax (id, concentracion, peso, serie, pm, dpdt, ensayo_id) FROM stdin;
1	125	3	1	5.9	111	2
2	250	5	1	7.8	246	2
3	500	10	1	8.0	443	2
4	750	15	1	7.1	311	2
5	1000	20	1	6.9	363	2
6	1250	25	1	6.6	309	2
7	250	5	2	8.4	361	2
8	500	10	2	7.8	389	2
9	750	15	2	7.4	329	2
10	250	5	3	8.0	289	2
11	500	10	3	7.0	333	2
12	750	15	3	6.5	452	2
13	125	3	1	3.6	71	5
14	250	5	1	5.6	83	5
15	500	10	1	7.0	173	5
16	750	15	1	6.2	103	5
17	1000	20	1	5.9	76	5
18	1250	25	1	6.2	116	5
19	1500	30	1	5.9	102	5
20	1750	35	1	5.7	96	5
21	250	5	2	5.0	75	5
22	500	10	2	6.3	97	5
23	750	15	2	7.0	150	5
24	250	5	3	6.0	120	5
25	500	10	3	6.7	161	5
26	750	15	3	6.5	130	5
27	750	15	1	5.4	80	9
28	1000	20	1	4.4	66	9
29	1250	25	1	4.8	71	9
30	1500	30	1	4.2	59	9
31	250	5	1	3.4	67	9
32	500	10	2	3.7	68	9
33	750	15	2	4.7	53	9
34	1000	20	2	4.7	69	9
35	500	10	3	4.2	50	9
36	750	15	3	4.6	64	9
37	1000	20	3	3.9	59	9
38	125	3	1	4.9	215	12
39	250	5	1	6.9	471	12
40	500	10	1	6.9	402	12
41	750	15	1	6.7	321	12
42	1000	20	1	5.7	269	12
43	60	1	1	2.8	50	12
44	125	3	2	3.8	117	12
45	250	5	2	6.6	396	12
46	500	10	2	7.4	521	12
47	125	3	3	4.2	175	12
48	250	5	3	6.8	373	12
49	500	10	3	7.2	501	12
74	500	10	1	6.5	711	16
75	1000	20	1	5.9	647	16
76	250	5	1	6.9	675	16
77	1250	25	1	5.9	609	16
78	750	15	2	6.9	756	16
79	500	10	2	7.4	828	16
80	1000	20	2	6.1	656	16
81	500	10	3	7.2	885	16
82	750	15	3	6.7	692	16
83	1000	20	3	6.0	668	16
84	750	15	1	7.2	744	16
85	1000	20	1	6.2	85	17
86	1250	25	1	5.6	102	17
87	1500	30	1	5.7	124	17
88	1750	35	1	4.9	92	17
89	750	15	1	6.2	114	17
90	1750	35	2	4.9	87	17
91	1750	35	3	5.6	88	17
92	500	10	1	5.3	72	17
93	2000	40	1	6.3	167	17
94	2250	45	1	5.1	101	17
95	2500	50	1	5.8	88	17
96	2000	40	2	7.1	168	17
97	2250	45	2	6.6	135	17
98	2000	40	3	6.6	112	17
99	2250	45	3	6.3	57	17
100	1000	20	1	6.2	85	18
101	1250	25	1	5.6	102	18
102	1500	30	1	5.7	124	18
103	1750	35	1	4.9	92	18
104	750	15	1	6.2	114	18
105	1750	35	2	4.9	87	18
106	1750	35	3	5.6	88	18
107	500	10	1	5.3	72	18
108	2000	40	1	6.3	167	18
109	2250	45	1	5.1	101	18
110	2500	50	1	5.8	88	18
111	2000	40	2	7.1	168	18
112	2250	45	2	6.6	135	18
113	2000	40	3	6.6	112	18
114	2250	45	3	6.3	57	18
\.


--
-- Data for Name: ensayos_resultadosrec; Type: TABLE DATA; Schema: public; Owner: postgres
--

COPY public.ensayos_resultadosrec (id, tension, tiempo, resultado, ensayo_id, "nPrueba") FROM stdin;
85	105	60	4000000.00	20	1
86	500	60	4000000.00	20	1
87	1000	60	2220000.00	20	1
88	105	60	4000000.00	20	2
89	500	60	4000000.00	20	2
90	1000	60	3150000.00	20	2
91	105	60	4000000.00	21	1
92	500	60	2216000.00	21	1
93	1000	60	3780000.00	21	1
94	105	60	3915000.00	21	2
95	500	60	3919000.00	21	2
96	1000	60	3624000.00	21	2
\.


--
-- Data for Name: ensayos_resultadostmic; Type: TABLE DATA; Schema: public; Owner: postgres
--

COPY public.ensayos_resultadostmic (id, "tPlato", "tMaxima", resultado, "tipoIgnicion", "tiempoPrueba", "tiempoTmax", ensayo_id) FROM stdin;
1	240.00	150.28	2		31.00	30.00	4
2	280.00	330.82	1	1	30.00	30.00	4
3	260.00	170.91	2		30.00	30.00	4
4	270.00	208.73	2		69.00	50.00	4
5	270.00	490.14	1	1	41.00	53.00	4
6	260.00	248.28	2		38.00	30.00	4
7	260.00	248.27	2		30.00	30.00	4
8	240.00	422.38	1	1	31.00	32.00	8
9	220.00	438.46	1	1	20.00	34.00	8
10	200.00	146.35	2		7.00	44.00	8
11	210.00	394.01	1	1	20.00	36.00	8
12	200.00	170.71	2		12.00	31.00	8
13	200.00	159.57	2		8.00	31.00	8
29	240.00	196.77	2		5.00	30.00	11
30	280.00	200.11	2		3.00	30.00	11
31	300.00	361.04	1	1	4.00	30.00	11
32	290.00	383.56	1	1	15.00	30.00	11
33	280.00	316.25	1	1	5.00	30.00	11
34	260.00	446.83	1	3	28.00	30.00	11
35	250.00	232.85	2		5.00	30.00	11
36	250.00	198.39	1	1	9.00	35.00	11
37	240.00	327.03	2		6.00	35.00	11
38	240.00	396.70	1	1	6.00	35.00	11
39	220.00	343.90	1	1	12.00	35.00	11
40	200.00	156.77	2		14.00	35.00	11
41	210.00	165.92	2		19.00	45.00	11
42	210.00	194.51	2		12.00	45.00	11
43	210.00	172.25	2		33.00	9.00	11
51	240.00	226.29	3	1	10.00	30.00	16
52	180.00	141.54	3	1	8.00	38.00	16
53	160.00	135.34	3	1	33.00	33.00	16
54	140.00	112.26	2		31.00	50.00	16
55	150.00	108.85	1	1	33.00	37.00	16
56	140.00	85.42	2		38.00	39.00	16
57	140.00	78.58	2		34.00	36.00	16
62	240.00	223.00	1	1	22.00	30.00	19
63	230.00	215.00	2		22.00	30.00	19
64	230.00	210.00	2		22.00	30.00	19
65	230.00	205.00	2		19.00	30.00	19
66	230.00	205.00	2		18.00	30.00	19
67	230.00	205.00	2		10.00	30.00	19
68	230.00	205.00	2		10.00	30.00	19
69	230.00	205.00	2		10.00	30.00	19
70	240.00	164.16	3	1	0.00	1.00	20
71	220.00	166.39	3	1	0.00	1.00	20
72	200.00	106.25	3	1	0.00	1.00	20
73	160.00	124.70	3	1	44.00	32.00	20
74	140.00	113.47	4		20.00	30.00	20
75	150.00	116.70	4		26.00	30.00	20
76	150.00	88.88	4		27.00	80.00	20
77	150.00	87.97	4		28.00	30.00	20
78	240.00	165.16	2		27.00	31.00	21
79	280.00	279.50	1	1	46.00	75.00	21
80	320.00	385.30	1	1	19.00	30.00	21
81	300.00	459.40	1	1	19.00	33.00	21
82	260.00	198.67	2		18.00	51.00	21
83	270.00	231.21	2		31.00	31.00	21
84	270.00	366.40	1	1	30.00	31.00	21
85	260.00	264.94	2		11.00	31.00	21
86	260.00	149.68	2		11.00	38.00	21
\.


--
-- Data for Name: ensayos_resultadostmin; Type: TABLE DATA; Schema: public; Owner: postgres
--

COPY public.ensayos_resultadostmin (id, "tHorno", peso, presion, resultado, ensayo_id, repeticiones) FROM stdin;
211	500.00	0.30	30.00	2	32	\N
212	550.00	0.30	30.00	2	32	\N
28	500.00	0.30	30.00	2	17	\N
29	550.00	0.30	30.00	2	17	\N
30	600.00	0.30	30.00	1	17	\N
31	580.00	0.30	30.00	1	17	\N
32	560.00	0.20	20.00	1	17	\N
33	540.00	0.20	20.00	2	17	10
34	540.00	0.30	20.00	2	17	\N
35	540.00	0.10	20.00	2	17	\N
36	540.00	0.05	20.00	2	17	\N
37	540.00	0.10	30.00	2	17	\N
38	540.00	0.20	30.00	2	17	\N
39	540.00	0.05	30.00	2	17	\N
40	540.00	0.30	50.00	2	17	\N
41	540.00	0.20	50.00	2	17	\N
42	540.00	0.10	50.00	2	17	\N
43	540.00	0.05	50.00	2	17	\N
44	500.00	0.30	30.00	2	18	0
45	550.00	0.30	30.00	1	18	0
46	530.00	0.30	30.00	2	18	10
47	530.00	0.50	30.00	2	18	0
48	530.00	0.20	30.00	2	18	0
49	530.00	0.10	30.00	2	18	0
50	530.00	0.05	30.00	2	18	0
51	530.00	0.30	50.00	2	18	0
52	530.00	0.30	20.00	2	18	0
53	530.00	0.30	10.00	2	18	0
54	530.00	0.50	50.00	2	18	0
55	530.00	0.20	20.00	2	18	0
56	530.00	0.10	10.00	2	18	0
213	600.00	0.30	30.00	1	32	\N
214	580.00	0.30	30.00	1	32	\N
215	560.00	0.30	30.00	1	32	\N
216	540.00	0.30	30.00	1	32	\N
217	520.00	0.30	30.00	2	32	10
218	520.00	0.50	30.00	2	32	\N
219	520.00	0.20	30.00	2	32	\N
220	520.00	0.10	30.00	2	32	\N
221	520.00	0.05	30.00	2	32	\N
222	520.00	0.30	50.00	2	32	\N
223	520.00	0.30	20.00	2	32	\N
68	500.00	0.50	30.00	1	20	0
69	480.00	0.50	30.00	2	20	10
70	480.00	0.30	30.00	2	20	0
71	480.00	0.20	30.00	2	20	0
72	480.00	0.10	30.00	2	20	0
73	480.00	0.05	30.00	2	20	0
74	480.00	0.50	50.00	2	20	0
75	480.00	0.50	20.00	2	20	0
76	480.00	0.50	10.00	2	20	0
77	480.00	0.20	20.00	2	20	0
78	480.00	0.10	10.00	2	20	0
79	500.00	0.30	30.00	2	21	\N
80	550.00	0.30	30.00	1	21	\N
81	530.00	0.30	30.00	2	21	10
82	530.00	0.50	30.00	2	21	\N
83	530.00	0.20	30.00	2	21	\N
84	530.00	0.10	30.00	2	21	\N
85	530.00	0.05	30.00	2	21	\N
86	530.00	0.30	50.00	2	21	\N
87	530.00	0.30	20.00	2	21	\N
88	530.00	0.30	10.00	2	21	\N
89	530.00	0.50	50.00	2	21	\N
90	530.00	0.20	20.00	2	21	\N
91	530.00	0.10	10.00	2	21	\N
224	520.00	0.30	10.00	2	32	\N
225	520.00	0.50	50.00	2	32	\N
226	520.00	0.20	20.00	2	32	\N
227	520.00	0.10	10.00	2	32	\N
233	500.00	0.30	30.00	1	35	\N
234	480.00	0.30	30.00	2	35	10
235	480.00	0.30	30.00	2	35	\N
236	480.00	0.30	10.00	2	35	\N
237	480.00	0.30	10.00	2	35	\N
238	480.00	0.30	30.00	2	35	\N
239	480.00	0.30	30.00	2	35	\N
240	480.00	0.30	30.00	2	35	\N
189	500.00	0.30	30.00	2	31	\N
190	550.00	0.30	30.00	2	31	\N
191	600.00	0.30	30.00	2	31	\N
192	650.00	0.30	30.00	2	31	\N
193	700.00	0.30	30.00	1	31	\N
194	680.00	0.30	30.00	1	31	\N
195	660.00	0.30	30.00	1	31	\N
196	640.00	0.30	30.00	1	31	\N
197	620.00	0.30	30.00	1	31	\N
198	600.00	0.30	30.00	1	31	\N
199	580.00	0.30	30.00	1	31	\N
200	560.00	0.30	30.00	2	31	10
201	560.00	0.30	10.00	2	31	\N
202	560.00	0.30	20.00	2	31	\N
203	560.00	0.05	10.00	2	31	\N
204	560.00	0.30	50.00	2	31	\N
205	560.00	0.05	30.00	2	31	\N
206	560.00	0.10	30.00	2	31	\N
207	560.00	0.20	30.00	2	31	\N
208	560.00	0.50	50.00	2	31	\N
209	560.00	0.50	30.00	2	31	\N
210	560.00	0.20	20.00	2	31	\N
\.


--
-- Data for Name: ensayos_tmic; Type: TABLE DATA; Schema: public; Owner: postgres
--

COPY public.ensayos_tmic (id, "temperaturaAmbiente", humedad, "tiempoMaxEnsayo", "fechaAuto", "fechaRev", resultado, funde, unidad, observacion, "horasEnsayo", ensayo_id, muestra_id, "fechaFin", "fechaInicio", usuario_id, presion) FROM stdin;
4	23.00	36.00	30.00	2025-05-20	2025-05-20	270	2	ºC		5.00	1	1	2025-05-13	2025-05-13	2	947.00
8	19.00	52.00	30.00	2025-05-23	2025-05-23	210	2	ºC	Sin observaciones	5.00	1	2	2025-05-19	2025-05-19	2	948.00
9	\N	\N	\N	2025-05-23	2025-05-23	\N	2	ºC	null	5.00	1	11	\N	\N	\N	\N
11	22.00	41.00	30.00	2025-05-26	2025-05-26	220	2	ºC		5.00	1	4	2025-05-26	2025-05-21	1	0.96
12	\N	\N	\N	2025-05-27	2025-05-27	\N	2	ºC	null	5.00	1	12	\N	\N	\N	\N
16	23.00	47.00	30.00	2025-06-04	2025-06-04	150	1	ºC	Sin observaciones	5.00	1	9	2025-05-29	2025-05-28	2	947.00
19	23.00	23.00	120.00	2025-06-05	2025-06-05	240.00	2	ºC		5.00	1	15	2025-06-04	2025-06-04	1	946.00
20	24.00	37.00	30.00	2025-06-09	2025-06-09	160	1	ºC		5.00	1	8	2025-06-02	2025-06-02	2	948.00
21	22.00	41.00	30.00	2025-06-09	2025-06-09	270	2	ºC		5.00	1	3	2025-05-27	2025-05-26	2	948.00
\.


--
-- Data for Name: ensayos_tmic_equipos; Type: TABLE DATA; Schema: public; Owner: postgres
--

COPY public.ensayos_tmic_equipos (id, tmic_id, equipos_id) FROM stdin;
1	4	1
2	4	10
3	4	19
4	4	14
5	8	1
6	8	10
7	8	19
8	8	14
13	11	1
14	11	10
15	11	19
16	11	14
21	16	1
22	16	10
23	16	19
24	16	14
29	19	1
30	19	10
31	19	19
32	19	14
33	20	1
34	20	10
35	20	19
36	20	14
37	21	1
38	21	10
39	21	19
40	21	14
\.


--
-- Data for Name: ensayos_tmin; Type: TABLE DATA; Schema: public; Owner: postgres
--

COPY public.ensayos_tmin (id, "temperaturaAmbiente", humedad, "fechaAuto", "fechaRev", resultado, unidad, observacion, "horasEnsayo", ensayo_id, muestra_id, "fechaFin", "fechaInicio", usuario_id, presion) FROM stdin;
13	\N	\N	2025-05-23	2025-05-23	\N	ºC	\N	1.00	4	11	\N	\N	\N	\N
17	23.00	41.00	2025-05-27	2025-05-27	540	ºC	La muestra se atasca ligeramente a pesos superiores a 0,3g	1.00	4	4	2025-05-26	2025-05-26	2	948.00
18	23.00	34.00	2025-05-27	2025-05-27	530.00	ºC		1.00	4	1	2025-05-13	2025-05-13	2	947.00
20	21.00	46.00	2025-05-27	2025-05-27	480.00	ºC		1.00	4	2	2025-05-20	2025-05-20	2	0.97
21	23.00	48.00	2025-05-27	2025-05-27	530	ºC		1.00	4	8	2025-05-27	2025-05-27	1	0.95
22	\N	\N	2025-05-27	2025-05-27	\N	ºC	\N	1.00	4	12	\N	\N	\N	\N
31	24.00	42.00	2025-06-04	2025-06-04	560.00	ºC		1.00	4	3	2025-06-04	2025-06-03	2	948.00
32	23.00	44.00	2025-06-04	2025-06-04	520	ºC		1.00	4	9	2025-05-29	2025-05-28	2	948.00
35	22.00	22.00	2025-06-05	2025-06-05	480.00	ºC		1.00	4	15	2025-06-04	2025-06-04	1	22.00
\.


--
-- Data for Name: ensayos_tmin_equipos; Type: TABLE DATA; Schema: public; Owner: postgres
--

COPY public.ensayos_tmin_equipos (id, tmin_id, equipos_id) FROM stdin;
86	32	5
87	32	14
88	32	16
89	32	18
90	32	19
96	35	5
97	35	14
98	35	16
99	35	18
100	35	19
26	17	5
27	17	14
28	17	16
29	17	18
30	17	19
31	18	5
32	18	14
33	18	16
34	18	18
35	18	19
41	20	5
42	20	14
43	20	16
44	20	18
45	20	19
46	21	5
47	21	14
48	21	16
49	21	18
50	21	19
81	31	5
82	31	14
83	31	16
84	31	18
85	31	19
\.


--
-- Data for Name: ensayos_tratamiento; Type: TABLE DATA; Schema: public; Owner: postgres
--

COPY public.ensayos_tratamiento (id, secado, "fechaSecadoInicio", "fechaSecadoFin", temperatura, tiempo, molido, "fechaMolidoInicio", "fechaMolidoFin", tamizado, "fechaTamizadoInicio", "fechaTamizadoFin", "horasEnsayo", ensayo_id, muestra_id, usuario_id, tamiz_id) FROM stdin;
3	1	\N	\N	\N	\N	2	2025-05-13	2025-05-20	2	2025-05-13	2025-05-20	5.00	14	4	2	\N
9	2	2025-06-05	2025-06-05	23	24	2	2025-06-04	2025-06-04	2	2025-06-05	2025-06-05	5.00	14	15	1	1
\.


--
-- Data for Name: ensayos_tratamiento_equipoMolido; Type: TABLE DATA; Schema: public; Owner: postgres
--

COPY public."ensayos_tratamiento_equipoMolido" (id, tratamiento_id, equipos_id) FROM stdin;
1	3	22
3	9	22
\.


--
-- Data for Name: ensayos_tratamiento_equipoSecado; Type: TABLE DATA; Schema: public; Owner: postgres
--

COPY public."ensayos_tratamiento_equipoSecado" (id, tratamiento_id, equipos_id) FROM stdin;
2	9	12
\.


--
-- Data for Name: ensayos_tratamiento_equipoTamizado; Type: TABLE DATA; Schema: public; Owner: postgres
--

COPY public."ensayos_tratamiento_equipoTamizado" (id, tratamiento_id, equipos_id) FROM stdin;
1	3	20
3	9	20
\.


--
-- Data for Name: expedientes_empresa; Type: TABLE DATA; Schema: public; Owner: postgres
--

COPY public.expedientes_empresa (id, empresa, abreviatura) FROM stdin;
1	CARBOLIVA	CBO
2	ATEXPREVEN	APV
3	BERZIKLATU S.L.	BRZ
4	DERETIL S.A.	DET
5	CHEMOGROUP	CHM
6	NORMEX (SAICA PAPER)	NEX
7	VELUTEX FLOCK S.A.	VLX
8	FIREEX GMBH- MICROMACINAZIONE	FRX
9	XXX	XXX
10	CALIDAD	CCC
11	SOLIMT	SOL
12	LOMBARDA	AAA
\.


--
-- Data for Name: expedientes_expedientes; Type: TABLE DATA; Schema: public; Owner: postgres
--

COPY public.expedientes_expedientes (id, expediente, estado, "nMuestras", fecha, empresa_id, porcentaje, "empresaContrata") FROM stdin;
8	25.310N	3	1	2025-05-23	6	0.00	
18	00.000A	4	1	2025-06-04	9	100.00	
3	25.261M	5	1	2025-05-20	3	100.00	
5	25.319X	5	1	2025-05-21	4	100.00	
6	25.320Y	4	1	2025-05-21	5	100.00	
1	25.297F	5	2	2025-05-13	1	100.00	
9	25.328G	3	1	2025-05-27	7	12.50	
2	25.316U	4	1	2025-05-20	2	100.00	
\.


--
-- Data for Name: muestras_descripcionmuestra; Type: TABLE DATA; Schema: public; Owner: postgres
--

COPY public.muestras_descripcionmuestra (id, id_fabricante, fecha_recepcion, documentacion, etiquetado, "envolturaExt", "envolturaInt", peso, procedencia, "estadoEnvio", "aspectoMuestra", color, brillo, tamano, homogeneidad, "formaEnsayo", observacion, "imagenMuestra", "imagenEnvoltorio", muestra_id, usuario_id) FROM stdin;
3	Ascophyllum Nodosum	2025-05-20	No	rotulacion	Caja de cartón precintada	3 Botes cerrados con tapa	2.60	Barcelona	Bien	Limpia	verde pistacho	mate	fina	homogénea	S/V	Todo bien	imagenesMuestras/WhatsApp_Image_2025-05-20_at_11.50.57.jpeg		3	1
4	Ascophyllum Nodosum	2025-05-20	No	rotulacion	Caja de cartón precintada	3 Botes cerrados con tapa	2.60	Barcelona	Bien	Limpia	verde pistacho	mate	fina	homogénea	S/V	Todo bien			\N	1
5	Polvo colchones	2025-05-20	No	etiqueta	Caja de Cartón Precintada	Caja de Cartón Precintada	5.00	BIZCAIA	Bien	sucio	colores típicos de relleno de colchones y cojines	mate	partículas y fibras de tamaños variados	heterogénea	Preparada	Sin observaciones			4	2
6	PARAHIDROXI METIL ESTER	2025-05-20	Si	etiqueta	Caja de cartón precintada	5 Botes de Cristal cerrados con tapa	4.50	Almeria	Bien	Limpia	Blanco	mate	fina y apelmazada	homogénea	S/V	sin observaciones	imagenesMuestras/DET-2.jpeg		8	1
7	BEZOPRAL Na MOLIDO	2025-05-21	Si	etiqueta	BOLSA TERMOSELLADA	bolsa cerrada con brida	1.50	Madrid	Bien	Limpia	Blanco	mate	fina y suelta	homogénea	S/V	sin observaciones	imagenesMuestras/CHM-4.jpeg		9	1
1	BIOCARBON PULPA ACEITUNA	2025-05-12	No	rotulacion	Caja de cartón precintada	Bolsa de plástico con cierre ZIP	1.50	Jaen	Bien	Bien	Negro	Mate	Fino	Homogénea, apelmazada	S/V	Todo bien	imagenesMuestras/CBO-3.jpeg		1	1
2	BIOCARBON HUESO ACEITUNA	2025-05-12	No	rotulacion	Caja de cartón precintada	Bolsa de plástico con cierre ZIP	1.50	Jaen	Bien	Bien	Negro	Mate	Fino	Homogénea, apelmazada	S/V	Todo bien	imagenesMuestras/CBO-4.jpeg		2	1
10	POLVO MAQUINA PAPEL	2025-05-23	No	sin etiqueta	Caja de cartón precintada	Bolsa de plastico anudada	2.70	ASTURIAS	Bien	Sucia	Marrón	mate	polvo fino con fragmentos superiores a 5cm	Heterogénea	Preparada	Sin Observaciones	imagenesMuestras/nex-5.jpeg		11	1
9	FLOCK POLIESTER	\N	Si	etiqueta	Caja de cartón precintada	Bolsa de plastico anudada	1.60	Cuenca	Bien	Limpia	Negro	metálico	fina	homogénea	Preparada	Sin observaciones	imagenesMuestras/VLX-1.jpeg		12	1
12	xxxx	\N	Si	etiqueta	x	x	1.00	x	x	x	x	x	x	x	S/V	x	imagenesMuestras/1535dcb7-ae89-470b-8fed-3851db3793dd.jpeg		15	1
\.


--
-- Data for Name: muestras_listaensayos; Type: TABLE DATA; Schema: public; Owner: postgres
--

COPY public.muestras_listaensayos (id, ensayo, normativa, poens, orden, "fechaAprobacion") FROM stdin;
3	Granulometria	S.N.	571.2	2	2025-07-10
13	CLO	UNE-EN 14034-4:2005	559	11	2025-07-10
15	EMIsin	UNE-EN ISO/IEC 80079-20-2:2016	554.1/5	7	2025-07-10
6	EMI	UNE-EN ISO/IEC 80079-20-2:2016	554.1/5	6	2025-07-10
2	Humedad	S.N.	571.1/2	1	2025-07-10
5	LIE	UNE-EN 14034-3:2006	572.1/2	8	2025-07-10
10	N4	Manual de Pruebas y Criterios - Sec.33. apdo.33.4.6	569.1/4	14	2025-07-10
7	Pmax	UNE-EN 14034-1:2005 / UNE-EN 14034-2:2006	555.1/2	9	2025-07-10
12	REC	UNE-EN 80079-20-2:2016	556.1/4	10	2025-07-10
1	TMIc	UNE-EN ISO/IEC 800079-20-2:2016	551.1/5	4	2025-07-10
4	TMIn	UNE-EN ISO/IEC 80079-20-2:2016	552.1/4	5	2025-07-10
14	Tratamiento	S.N.	571.3	3	2025-07-10
9	N2	Manual de Pruebas y Criterios - Sec.33, apdo.33.4.4	568.1/2	13	2025-07-10
8	N1	Manual de Pruebas y Criterios- Sec.33, apdo.33.2.4	567.1/3	12	2025-07-10
11	O1	Manual de Pruebas y Criterios - Sec.34, Apdo.34.4.1	570.1/4	15	2025-07-10
\.


--
-- Data for Name: muestras_muestras; Type: TABLE DATA; Schema: public; Owner: postgres
--

COPY public.muestras_muestras (id, id_muestra, estado, observaciones, fecha, "fechaComienzo", "fechaRevision", empresa_id, expediente_id) FROM stdin;
12	1	3		2025-05-27	\N	\N	7	9
11	5	3		2025-05-23	\N	\N	6	8
4	1	5		2025-05-20	\N	\N	3	3
8	2	5		2025-05-21	\N	\N	4	5
9	4	4		2025-05-21	\N	\N	5	6
3	62	4		2025-05-20	\N	\N	2	2
15	1	4		2025-06-04	\N	\N	9	18
2	4	5		2025-05-13	\N	\N	1	1
1	3	5		2025-05-13	\N	\N	1	1
\.


--
-- Data for Name: muestras_muestras_listaEnsayos; Type: TABLE DATA; Schema: public; Owner: postgres
--

COPY public."muestras_muestras_listaEnsayos" (id, muestras_id, listaensayos_id) FROM stdin;
1	1	1
2	1	2
3	1	3
4	1	4
5	1	5
6	1	6
8	2	1
9	2	2
10	2	3
11	2	4
12	2	5
13	2	6
14	2	7
15	1	7
24	3	1
25	3	2
26	3	3
27	3	4
28	3	5
29	3	6
30	3	7
31	4	1
32	4	2
33	4	3
34	4	4
35	4	5
36	4	6
37	4	7
38	4	14
48	8	1
49	8	2
50	8	3
51	8	4
52	8	5
53	8	6
54	8	7
55	9	1
56	9	2
57	9	3
58	9	4
59	9	5
60	9	6
61	9	7
62	9	12
63	9	13
69	11	1
70	11	2
71	11	3
72	11	4
73	11	5
74	11	6
75	11	7
76	12	1
77	12	2
78	12	3
79	12	4
80	12	5
81	12	6
82	12	7
100	15	1
101	15	2
102	15	3
103	15	4
104	15	5
105	15	6
106	15	7
107	15	8
108	15	9
109	15	10
110	15	11
111	15	12
112	15	13
114	15	15
115	15	14
\.


--
-- Data for Name: pages_firmas; Type: TABLE DATA; Schema: public; Owner: postgres
--

COPY public.pages_firmas (id, firma, usuario_id) FROM stdin;
2	SBS	1
1	VGZ	2
3	SBS	3
4	SBS	4
5	SBS	5
6	VGZ	6
\.


--
-- Name: auth_group_id_seq; Type: SEQUENCE SET; Schema: public; Owner: postgres
--

SELECT pg_catalog.setval('public.auth_group_id_seq', 1, false);


--
-- Name: auth_group_permissions_id_seq; Type: SEQUENCE SET; Schema: public; Owner: postgres
--

SELECT pg_catalog.setval('public.auth_group_permissions_id_seq', 1, false);


--
-- Name: auth_permission_id_seq; Type: SEQUENCE SET; Schema: public; Owner: postgres
--

SELECT pg_catalog.setval('public.auth_permission_id_seq', 168, true);


--
-- Name: auth_user_groups_id_seq; Type: SEQUENCE SET; Schema: public; Owner: postgres
--

SELECT pg_catalog.setval('public.auth_user_groups_id_seq', 1, false);


--
-- Name: auth_user_id_seq; Type: SEQUENCE SET; Schema: public; Owner: postgres
--

SELECT pg_catalog.setval('public.auth_user_id_seq', 6, true);


--
-- Name: auth_user_user_permissions_id_seq; Type: SEQUENCE SET; Schema: public; Owner: postgres
--

SELECT pg_catalog.setval('public.auth_user_user_permissions_id_seq', 1, false);


--
-- Name: calidad_equipoasociado_id_seq; Type: SEQUENCE SET; Schema: public; Owner: postgres
--

SELECT pg_catalog.setval('public.calidad_equipoasociado_id_seq', 10, true);


--
-- Name: calidad_equipos_ensayos_id_seq; Type: SEQUENCE SET; Schema: public; Owner: postgres
--

SELECT pg_catalog.setval('public.calidad_equipos_ensayos_id_seq', 54, true);


--
-- Name: calidad_equipos_id_seq; Type: SEQUENCE SET; Schema: public; Owner: postgres
--

SELECT pg_catalog.setval('public.calidad_equipos_id_seq', 22, true);


--
-- Name: django_admin_log_id_seq; Type: SEQUENCE SET; Schema: public; Owner: postgres
--

SELECT pg_catalog.setval('public.django_admin_log_id_seq', 58, true);


--
-- Name: django_content_type_id_seq; Type: SEQUENCE SET; Schema: public; Owner: postgres
--

SELECT pg_catalog.setval('public.django_content_type_id_seq', 42, true);


--
-- Name: django_migrations_id_seq; Type: SEQUENCE SET; Schema: public; Owner: postgres
--

SELECT pg_catalog.setval('public.django_migrations_id_seq', 67, true);


--
-- Name: ensayos_clo_equipos_id_seq; Type: SEQUENCE SET; Schema: public; Owner: postgres
--

SELECT pg_catalog.setval('public.ensayos_clo_equipos_id_seq', 10, true);


--
-- Name: ensayos_clo_id_seq; Type: SEQUENCE SET; Schema: public; Owner: postgres
--

SELECT pg_catalog.setval('public.ensayos_clo_id_seq', 5, true);


--
-- Name: ensayos_emi_equipos_id_seq; Type: SEQUENCE SET; Schema: public; Owner: postgres
--

SELECT pg_catalog.setval('public.ensayos_emi_equipos_id_seq', 76, true);


--
-- Name: ensayos_emi_id_seq; Type: SEQUENCE SET; Schema: public; Owner: postgres
--

SELECT pg_catalog.setval('public.ensayos_emi_id_seq', 31, true);


--
-- Name: ensayos_emisin_equipos_id_seq; Type: SEQUENCE SET; Schema: public; Owner: postgres
--

SELECT pg_catalog.setval('public.ensayos_emisin_equipos_id_seq', 3, true);


--
-- Name: ensayos_emisin_id_seq; Type: SEQUENCE SET; Schema: public; Owner: postgres
--

SELECT pg_catalog.setval('public.ensayos_emisin_id_seq', 4, true);


--
-- Name: ensayos_granulometria_equipos_id_seq; Type: SEQUENCE SET; Schema: public; Owner: postgres
--

SELECT pg_catalog.setval('public.ensayos_granulometria_equipos_id_seq', 26, true);


--
-- Name: ensayos_granulometria_id_seq; Type: SEQUENCE SET; Schema: public; Owner: postgres
--

SELECT pg_catalog.setval('public.ensayos_granulometria_id_seq', 21, true);


--
-- Name: ensayos_humedad_equipos_id_seq; Type: SEQUENCE SET; Schema: public; Owner: postgres
--

SELECT pg_catalog.setval('public.ensayos_humedad_equipos_id_seq', 28, true);


--
-- Name: ensayos_humedad_id_seq; Type: SEQUENCE SET; Schema: public; Owner: postgres
--

SELECT pg_catalog.setval('public.ensayos_humedad_id_seq', 16, true);


--
-- Name: ensayos_lie_equipos_id_seq; Type: SEQUENCE SET; Schema: public; Owner: postgres
--

SELECT pg_catalog.setval('public.ensayos_lie_equipos_id_seq', 65, true);


--
-- Name: ensayos_lie_id_seq; Type: SEQUENCE SET; Schema: public; Owner: postgres
--

SELECT pg_catalog.setval('public.ensayos_lie_id_seq', 27, true);


--
-- Name: ensayos_n1_equipos_id_seq; Type: SEQUENCE SET; Schema: public; Owner: postgres
--

SELECT pg_catalog.setval('public.ensayos_n1_equipos_id_seq', 4, true);


--
-- Name: ensayos_n1_id_seq; Type: SEQUENCE SET; Schema: public; Owner: postgres
--

SELECT pg_catalog.setval('public.ensayos_n1_id_seq', 7, true);


--
-- Name: ensayos_n2_equipos_id_seq; Type: SEQUENCE SET; Schema: public; Owner: postgres
--

SELECT pg_catalog.setval('public.ensayos_n2_equipos_id_seq', 1, true);


--
-- Name: ensayos_n2_id_seq; Type: SEQUENCE SET; Schema: public; Owner: postgres
--

SELECT pg_catalog.setval('public.ensayos_n2_id_seq', 3, true);


--
-- Name: ensayos_n4_equipos_id_seq; Type: SEQUENCE SET; Schema: public; Owner: postgres
--

SELECT pg_catalog.setval('public.ensayos_n4_equipos_id_seq', 2, true);


--
-- Name: ensayos_n4_id_seq; Type: SEQUENCE SET; Schema: public; Owner: postgres
--

SELECT pg_catalog.setval('public.ensayos_n4_id_seq', 3, true);


--
-- Name: ensayos_o1_equipos_id_seq; Type: SEQUENCE SET; Schema: public; Owner: postgres
--

SELECT pg_catalog.setval('public.ensayos_o1_equipos_id_seq', 3, true);


--
-- Name: ensayos_o1_id_seq; Type: SEQUENCE SET; Schema: public; Owner: postgres
--

SELECT pg_catalog.setval('public.ensayos_o1_id_seq', 3, true);


--
-- Name: ensayos_pmax_equipos_id_seq; Type: SEQUENCE SET; Schema: public; Owner: postgres
--

SELECT pg_catalog.setval('public.ensayos_pmax_equipos_id_seq', 46, true);


--
-- Name: ensayos_pmax_id_seq; Type: SEQUENCE SET; Schema: public; Owner: postgres
--

SELECT pg_catalog.setval('public.ensayos_pmax_id_seq', 18, true);


--
-- Name: ensayos_rec_equipos_id_seq; Type: SEQUENCE SET; Schema: public; Owner: postgres
--

SELECT pg_catalog.setval('public.ensayos_rec_equipos_id_seq', 48, true);


--
-- Name: ensayos_rec_id_seq; Type: SEQUENCE SET; Schema: public; Owner: postgres
--

SELECT pg_catalog.setval('public.ensayos_rec_id_seq', 21, true);


--
-- Name: ensayos_resultadosclo_id_seq; Type: SEQUENCE SET; Schema: public; Owner: postgres
--

SELECT pg_catalog.setval('public.ensayos_resultadosclo_id_seq', 16, true);


--
-- Name: ensayos_resultadosemi_id_seq; Type: SEQUENCE SET; Schema: public; Owner: postgres
--

SELECT pg_catalog.setval('public.ensayos_resultadosemi_id_seq', 273, true);


--
-- Name: ensayos_resultadosemisin_id_seq; Type: SEQUENCE SET; Schema: public; Owner: postgres
--

SELECT pg_catalog.setval('public.ensayos_resultadosemisin_id_seq', 12, true);


--
-- Name: ensayos_resultadoshumedad_id_seq; Type: SEQUENCE SET; Schema: public; Owner: postgres
--

SELECT pg_catalog.setval('public.ensayos_resultadoshumedad_id_seq', 63, true);


--
-- Name: ensayos_resultadoslie_id_seq; Type: SEQUENCE SET; Schema: public; Owner: postgres
--

SELECT pg_catalog.setval('public.ensayos_resultadoslie_id_seq', 79, true);


--
-- Name: ensayos_resultadosn1_id_seq; Type: SEQUENCE SET; Schema: public; Owner: postgres
--

SELECT pg_catalog.setval('public.ensayos_resultadosn1_id_seq', 28, true);


--
-- Name: ensayos_resultadosn2_id_seq; Type: SEQUENCE SET; Schema: public; Owner: postgres
--

SELECT pg_catalog.setval('public.ensayos_resultadosn2_id_seq', 6, true);


--
-- Name: ensayos_resultadosn4_id_seq; Type: SEQUENCE SET; Schema: public; Owner: postgres
--

SELECT pg_catalog.setval('public.ensayos_resultadosn4_id_seq', 4, true);


--
-- Name: ensayos_resultadoso1_id_seq; Type: SEQUENCE SET; Schema: public; Owner: postgres
--

SELECT pg_catalog.setval('public.ensayos_resultadoso1_id_seq', 5, true);


--
-- Name: ensayos_resultadospmax_id_seq; Type: SEQUENCE SET; Schema: public; Owner: postgres
--

SELECT pg_catalog.setval('public.ensayos_resultadospmax_id_seq', 114, true);


--
-- Name: ensayos_resultadosrec_id_seq; Type: SEQUENCE SET; Schema: public; Owner: postgres
--

SELECT pg_catalog.setval('public.ensayos_resultadosrec_id_seq', 96, true);


--
-- Name: ensayos_resultadostmic_id_seq; Type: SEQUENCE SET; Schema: public; Owner: postgres
--

SELECT pg_catalog.setval('public.ensayos_resultadostmic_id_seq', 86, true);


--
-- Name: ensayos_resultadostmin_id_seq; Type: SEQUENCE SET; Schema: public; Owner: postgres
--

SELECT pg_catalog.setval('public.ensayos_resultadostmin_id_seq', 240, true);


--
-- Name: ensayos_tmic_equipos_id_seq; Type: SEQUENCE SET; Schema: public; Owner: postgres
--

SELECT pg_catalog.setval('public.ensayos_tmic_equipos_id_seq', 40, true);


--
-- Name: ensayos_tmic_id_seq; Type: SEQUENCE SET; Schema: public; Owner: postgres
--

SELECT pg_catalog.setval('public.ensayos_tmic_id_seq', 21, true);


--
-- Name: ensayos_tmin_equipos_id_seq; Type: SEQUENCE SET; Schema: public; Owner: postgres
--

SELECT pg_catalog.setval('public.ensayos_tmin_equipos_id_seq', 100, true);


--
-- Name: ensayos_tmin_id_seq; Type: SEQUENCE SET; Schema: public; Owner: postgres
--

SELECT pg_catalog.setval('public.ensayos_tmin_id_seq', 35, true);


--
-- Name: ensayos_tratamiento_equipoMolido_id_seq; Type: SEQUENCE SET; Schema: public; Owner: postgres
--

SELECT pg_catalog.setval('public."ensayos_tratamiento_equipoMolido_id_seq"', 3, true);


--
-- Name: ensayos_tratamiento_equipoSecado_id_seq; Type: SEQUENCE SET; Schema: public; Owner: postgres
--

SELECT pg_catalog.setval('public."ensayos_tratamiento_equipoSecado_id_seq"', 2, true);


--
-- Name: ensayos_tratamiento_equipoTamizado_id_seq; Type: SEQUENCE SET; Schema: public; Owner: postgres
--

SELECT pg_catalog.setval('public."ensayos_tratamiento_equipoTamizado_id_seq"', 3, true);


--
-- Name: ensayos_tratamiento_id_seq; Type: SEQUENCE SET; Schema: public; Owner: postgres
--

SELECT pg_catalog.setval('public.ensayos_tratamiento_id_seq', 9, true);


--
-- Name: expedientes_empresa_id_seq; Type: SEQUENCE SET; Schema: public; Owner: postgres
--

SELECT pg_catalog.setval('public.expedientes_empresa_id_seq', 12, true);


--
-- Name: expedientes_expedientes_id_seq; Type: SEQUENCE SET; Schema: public; Owner: postgres
--

SELECT pg_catalog.setval('public.expedientes_expedientes_id_seq', 18, true);


--
-- Name: muestras_descripcionmuestra_id_seq; Type: SEQUENCE SET; Schema: public; Owner: postgres
--

SELECT pg_catalog.setval('public.muestras_descripcionmuestra_id_seq', 12, true);


--
-- Name: muestras_listaensayos_id_seq; Type: SEQUENCE SET; Schema: public; Owner: postgres
--

SELECT pg_catalog.setval('public.muestras_listaensayos_id_seq', 15, true);


--
-- Name: muestras_muestras_id_seq; Type: SEQUENCE SET; Schema: public; Owner: postgres
--

SELECT pg_catalog.setval('public.muestras_muestras_id_seq', 15, true);


--
-- Name: muestras_muestras_listaEnsayos_id_seq; Type: SEQUENCE SET; Schema: public; Owner: postgres
--

SELECT pg_catalog.setval('public."muestras_muestras_listaEnsayos_id_seq"', 115, true);


--
-- Name: pages_firmas_id_seq; Type: SEQUENCE SET; Schema: public; Owner: postgres
--

SELECT pg_catalog.setval('public.pages_firmas_id_seq', 6, true);


--
-- Name: auth_group auth_group_name_key; Type: CONSTRAINT; Schema: public; Owner: postgres
--

ALTER TABLE ONLY public.auth_group
    ADD CONSTRAINT auth_group_name_key UNIQUE (name);


--
-- Name: auth_group_permissions auth_group_permissions_group_id_permission_id_0cd325b0_uniq; Type: CONSTRAINT; Schema: public; Owner: postgres
--

ALTER TABLE ONLY public.auth_group_permissions
    ADD CONSTRAINT auth_group_permissions_group_id_permission_id_0cd325b0_uniq UNIQUE (group_id, permission_id);


--
-- Name: auth_group_permissions auth_group_permissions_pkey; Type: CONSTRAINT; Schema: public; Owner: postgres
--

ALTER TABLE ONLY public.auth_group_permissions
    ADD CONSTRAINT auth_group_permissions_pkey PRIMARY KEY (id);


--
-- Name: auth_group auth_group_pkey; Type: CONSTRAINT; Schema: public; Owner: postgres
--

ALTER TABLE ONLY public.auth_group
    ADD CONSTRAINT auth_group_pkey PRIMARY KEY (id);


--
-- Name: auth_permission auth_permission_content_type_id_codename_01ab375a_uniq; Type: CONSTRAINT; Schema: public; Owner: postgres
--

ALTER TABLE ONLY public.auth_permission
    ADD CONSTRAINT auth_permission_content_type_id_codename_01ab375a_uniq UNIQUE (content_type_id, codename);


--
-- Name: auth_permission auth_permission_pkey; Type: CONSTRAINT; Schema: public; Owner: postgres
--

ALTER TABLE ONLY public.auth_permission
    ADD CONSTRAINT auth_permission_pkey PRIMARY KEY (id);


--
-- Name: auth_user_groups auth_user_groups_pkey; Type: CONSTRAINT; Schema: public; Owner: postgres
--

ALTER TABLE ONLY public.auth_user_groups
    ADD CONSTRAINT auth_user_groups_pkey PRIMARY KEY (id);


--
-- Name: auth_user_groups auth_user_groups_user_id_group_id_94350c0c_uniq; Type: CONSTRAINT; Schema: public; Owner: postgres
--

ALTER TABLE ONLY public.auth_user_groups
    ADD CONSTRAINT auth_user_groups_user_id_group_id_94350c0c_uniq UNIQUE (user_id, group_id);


--
-- Name: auth_user auth_user_pkey; Type: CONSTRAINT; Schema: public; Owner: postgres
--

ALTER TABLE ONLY public.auth_user
    ADD CONSTRAINT auth_user_pkey PRIMARY KEY (id);


--
-- Name: auth_user_user_permissions auth_user_user_permissions_pkey; Type: CONSTRAINT; Schema: public; Owner: postgres
--

ALTER TABLE ONLY public.auth_user_user_permissions
    ADD CONSTRAINT auth_user_user_permissions_pkey PRIMARY KEY (id);


--
-- Name: auth_user_user_permissions auth_user_user_permissions_user_id_permission_id_14a6b632_uniq; Type: CONSTRAINT; Schema: public; Owner: postgres
--

ALTER TABLE ONLY public.auth_user_user_permissions
    ADD CONSTRAINT auth_user_user_permissions_user_id_permission_id_14a6b632_uniq UNIQUE (user_id, permission_id);


--
-- Name: auth_user auth_user_username_key; Type: CONSTRAINT; Schema: public; Owner: postgres
--

ALTER TABLE ONLY public.auth_user
    ADD CONSTRAINT auth_user_username_key UNIQUE (username);


--
-- Name: calidad_equipoasociado calidad_equipoasociado_pkey; Type: CONSTRAINT; Schema: public; Owner: postgres
--

ALTER TABLE ONLY public.calidad_equipoasociado
    ADD CONSTRAINT calidad_equipoasociado_pkey PRIMARY KEY (id);


--
-- Name: calidad_equipos_ensayos calidad_equipos_ensayos_equipos_id_listaensayos__31ca08b9_uniq; Type: CONSTRAINT; Schema: public; Owner: postgres
--

ALTER TABLE ONLY public.calidad_equipos_ensayos
    ADD CONSTRAINT calidad_equipos_ensayos_equipos_id_listaensayos__31ca08b9_uniq UNIQUE (equipos_id, listaensayos_id);


--
-- Name: calidad_equipos_ensayos calidad_equipos_ensayos_pkey; Type: CONSTRAINT; Schema: public; Owner: postgres
--

ALTER TABLE ONLY public.calidad_equipos_ensayos
    ADD CONSTRAINT calidad_equipos_ensayos_pkey PRIMARY KEY (id);


--
-- Name: calidad_equipos calidad_equipos_pkey; Type: CONSTRAINT; Schema: public; Owner: postgres
--

ALTER TABLE ONLY public.calidad_equipos
    ADD CONSTRAINT calidad_equipos_pkey PRIMARY KEY (id);


--
-- Name: django_admin_log django_admin_log_pkey; Type: CONSTRAINT; Schema: public; Owner: postgres
--

ALTER TABLE ONLY public.django_admin_log
    ADD CONSTRAINT django_admin_log_pkey PRIMARY KEY (id);


--
-- Name: django_content_type django_content_type_app_label_model_76bd3d3b_uniq; Type: CONSTRAINT; Schema: public; Owner: postgres
--

ALTER TABLE ONLY public.django_content_type
    ADD CONSTRAINT django_content_type_app_label_model_76bd3d3b_uniq UNIQUE (app_label, model);


--
-- Name: django_content_type django_content_type_pkey; Type: CONSTRAINT; Schema: public; Owner: postgres
--

ALTER TABLE ONLY public.django_content_type
    ADD CONSTRAINT django_content_type_pkey PRIMARY KEY (id);


--
-- Name: django_migrations django_migrations_pkey; Type: CONSTRAINT; Schema: public; Owner: postgres
--

ALTER TABLE ONLY public.django_migrations
    ADD CONSTRAINT django_migrations_pkey PRIMARY KEY (id);


--
-- Name: django_session django_session_pkey; Type: CONSTRAINT; Schema: public; Owner: postgres
--

ALTER TABLE ONLY public.django_session
    ADD CONSTRAINT django_session_pkey PRIMARY KEY (session_key);


--
-- Name: ensayos_clo_equipos ensayos_clo_equipos_clo_id_equipos_id_9225617f_uniq; Type: CONSTRAINT; Schema: public; Owner: postgres
--

ALTER TABLE ONLY public.ensayos_clo_equipos
    ADD CONSTRAINT ensayos_clo_equipos_clo_id_equipos_id_9225617f_uniq UNIQUE (clo_id, equipos_id);


--
-- Name: ensayos_clo_equipos ensayos_clo_equipos_pkey; Type: CONSTRAINT; Schema: public; Owner: postgres
--

ALTER TABLE ONLY public.ensayos_clo_equipos
    ADD CONSTRAINT ensayos_clo_equipos_pkey PRIMARY KEY (id);


--
-- Name: ensayos_clo ensayos_clo_pkey; Type: CONSTRAINT; Schema: public; Owner: postgres
--

ALTER TABLE ONLY public.ensayos_clo
    ADD CONSTRAINT ensayos_clo_pkey PRIMARY KEY (id);


--
-- Name: ensayos_emi_equipos ensayos_emi_equipos_emi_id_equipos_id_9f23e8f1_uniq; Type: CONSTRAINT; Schema: public; Owner: postgres
--

ALTER TABLE ONLY public.ensayos_emi_equipos
    ADD CONSTRAINT ensayos_emi_equipos_emi_id_equipos_id_9f23e8f1_uniq UNIQUE (emi_id, equipos_id);


--
-- Name: ensayos_emi_equipos ensayos_emi_equipos_pkey; Type: CONSTRAINT; Schema: public; Owner: postgres
--

ALTER TABLE ONLY public.ensayos_emi_equipos
    ADD CONSTRAINT ensayos_emi_equipos_pkey PRIMARY KEY (id);


--
-- Name: ensayos_emi ensayos_emi_pkey; Type: CONSTRAINT; Schema: public; Owner: postgres
--

ALTER TABLE ONLY public.ensayos_emi
    ADD CONSTRAINT ensayos_emi_pkey PRIMARY KEY (id);


--
-- Name: ensayos_emisin_equipos ensayos_emisin_equipos_emisin_id_equipos_id_707c6bac_uniq; Type: CONSTRAINT; Schema: public; Owner: postgres
--

ALTER TABLE ONLY public.ensayos_emisin_equipos
    ADD CONSTRAINT ensayos_emisin_equipos_emisin_id_equipos_id_707c6bac_uniq UNIQUE (emisin_id, equipos_id);


--
-- Name: ensayos_emisin_equipos ensayos_emisin_equipos_pkey; Type: CONSTRAINT; Schema: public; Owner: postgres
--

ALTER TABLE ONLY public.ensayos_emisin_equipos
    ADD CONSTRAINT ensayos_emisin_equipos_pkey PRIMARY KEY (id);


--
-- Name: ensayos_emisin ensayos_emisin_pkey; Type: CONSTRAINT; Schema: public; Owner: postgres
--

ALTER TABLE ONLY public.ensayos_emisin
    ADD CONSTRAINT ensayos_emisin_pkey PRIMARY KEY (id);


--
-- Name: ensayos_granulometria_equipos ensayos_granulometria_eq_granulometria_id_equipos_e00076b8_uniq; Type: CONSTRAINT; Schema: public; Owner: postgres
--

ALTER TABLE ONLY public.ensayos_granulometria_equipos
    ADD CONSTRAINT ensayos_granulometria_eq_granulometria_id_equipos_e00076b8_uniq UNIQUE (granulometria_id, equipos_id);


--
-- Name: ensayos_granulometria_equipos ensayos_granulometria_equipos_pkey; Type: CONSTRAINT; Schema: public; Owner: postgres
--

ALTER TABLE ONLY public.ensayos_granulometria_equipos
    ADD CONSTRAINT ensayos_granulometria_equipos_pkey PRIMARY KEY (id);


--
-- Name: ensayos_granulometria ensayos_granulometria_pkey; Type: CONSTRAINT; Schema: public; Owner: postgres
--

ALTER TABLE ONLY public.ensayos_granulometria
    ADD CONSTRAINT ensayos_granulometria_pkey PRIMARY KEY (id);


--
-- Name: ensayos_humedad_equipos ensayos_humedad_equipos_humedad_id_equipos_id_32214d49_uniq; Type: CONSTRAINT; Schema: public; Owner: postgres
--

ALTER TABLE ONLY public.ensayos_humedad_equipos
    ADD CONSTRAINT ensayos_humedad_equipos_humedad_id_equipos_id_32214d49_uniq UNIQUE (humedad_id, equipos_id);


--
-- Name: ensayos_humedad_equipos ensayos_humedad_equipos_pkey; Type: CONSTRAINT; Schema: public; Owner: postgres
--

ALTER TABLE ONLY public.ensayos_humedad_equipos
    ADD CONSTRAINT ensayos_humedad_equipos_pkey PRIMARY KEY (id);


--
-- Name: ensayos_humedad ensayos_humedad_pkey; Type: CONSTRAINT; Schema: public; Owner: postgres
--

ALTER TABLE ONLY public.ensayos_humedad
    ADD CONSTRAINT ensayos_humedad_pkey PRIMARY KEY (id);


--
-- Name: ensayos_lie_equipos ensayos_lie_equipos_lie_id_equipos_id_ff26bf50_uniq; Type: CONSTRAINT; Schema: public; Owner: postgres
--

ALTER TABLE ONLY public.ensayos_lie_equipos
    ADD CONSTRAINT ensayos_lie_equipos_lie_id_equipos_id_ff26bf50_uniq UNIQUE (lie_id, equipos_id);


--
-- Name: ensayos_lie_equipos ensayos_lie_equipos_pkey; Type: CONSTRAINT; Schema: public; Owner: postgres
--

ALTER TABLE ONLY public.ensayos_lie_equipos
    ADD CONSTRAINT ensayos_lie_equipos_pkey PRIMARY KEY (id);


--
-- Name: ensayos_lie ensayos_lie_pkey; Type: CONSTRAINT; Schema: public; Owner: postgres
--

ALTER TABLE ONLY public.ensayos_lie
    ADD CONSTRAINT ensayos_lie_pkey PRIMARY KEY (id);


--
-- Name: ensayos_n1_equipos ensayos_n1_equipos_n1_id_equipos_id_2107303a_uniq; Type: CONSTRAINT; Schema: public; Owner: postgres
--

ALTER TABLE ONLY public.ensayos_n1_equipos
    ADD CONSTRAINT ensayos_n1_equipos_n1_id_equipos_id_2107303a_uniq UNIQUE (n1_id, equipos_id);


--
-- Name: ensayos_n1_equipos ensayos_n1_equipos_pkey; Type: CONSTRAINT; Schema: public; Owner: postgres
--

ALTER TABLE ONLY public.ensayos_n1_equipos
    ADD CONSTRAINT ensayos_n1_equipos_pkey PRIMARY KEY (id);


--
-- Name: ensayos_n1 ensayos_n1_pkey; Type: CONSTRAINT; Schema: public; Owner: postgres
--

ALTER TABLE ONLY public.ensayos_n1
    ADD CONSTRAINT ensayos_n1_pkey PRIMARY KEY (id);


--
-- Name: ensayos_n2_equipos ensayos_n2_equipos_n2_id_equipos_id_72cc6b31_uniq; Type: CONSTRAINT; Schema: public; Owner: postgres
--

ALTER TABLE ONLY public.ensayos_n2_equipos
    ADD CONSTRAINT ensayos_n2_equipos_n2_id_equipos_id_72cc6b31_uniq UNIQUE (n2_id, equipos_id);


--
-- Name: ensayos_n2_equipos ensayos_n2_equipos_pkey; Type: CONSTRAINT; Schema: public; Owner: postgres
--

ALTER TABLE ONLY public.ensayos_n2_equipos
    ADD CONSTRAINT ensayos_n2_equipos_pkey PRIMARY KEY (id);


--
-- Name: ensayos_n2 ensayos_n2_pkey; Type: CONSTRAINT; Schema: public; Owner: postgres
--

ALTER TABLE ONLY public.ensayos_n2
    ADD CONSTRAINT ensayos_n2_pkey PRIMARY KEY (id);


--
-- Name: ensayos_n4_equipos ensayos_n4_equipos_n4_id_equipos_id_1b701862_uniq; Type: CONSTRAINT; Schema: public; Owner: postgres
--

ALTER TABLE ONLY public.ensayos_n4_equipos
    ADD CONSTRAINT ensayos_n4_equipos_n4_id_equipos_id_1b701862_uniq UNIQUE (n4_id, equipos_id);


--
-- Name: ensayos_n4_equipos ensayos_n4_equipos_pkey; Type: CONSTRAINT; Schema: public; Owner: postgres
--

ALTER TABLE ONLY public.ensayos_n4_equipos
    ADD CONSTRAINT ensayos_n4_equipos_pkey PRIMARY KEY (id);


--
-- Name: ensayos_n4 ensayos_n4_pkey; Type: CONSTRAINT; Schema: public; Owner: postgres
--

ALTER TABLE ONLY public.ensayos_n4
    ADD CONSTRAINT ensayos_n4_pkey PRIMARY KEY (id);


--
-- Name: ensayos_o1_equipos ensayos_o1_equipos_o1_id_equipos_id_dd8d5dcf_uniq; Type: CONSTRAINT; Schema: public; Owner: postgres
--

ALTER TABLE ONLY public.ensayos_o1_equipos
    ADD CONSTRAINT ensayos_o1_equipos_o1_id_equipos_id_dd8d5dcf_uniq UNIQUE (o1_id, equipos_id);


--
-- Name: ensayos_o1_equipos ensayos_o1_equipos_pkey; Type: CONSTRAINT; Schema: public; Owner: postgres
--

ALTER TABLE ONLY public.ensayos_o1_equipos
    ADD CONSTRAINT ensayos_o1_equipos_pkey PRIMARY KEY (id);


--
-- Name: ensayos_o1 ensayos_o1_pkey; Type: CONSTRAINT; Schema: public; Owner: postgres
--

ALTER TABLE ONLY public.ensayos_o1
    ADD CONSTRAINT ensayos_o1_pkey PRIMARY KEY (id);


--
-- Name: ensayos_pmax_equipos ensayos_pmax_equipos_pkey; Type: CONSTRAINT; Schema: public; Owner: postgres
--

ALTER TABLE ONLY public.ensayos_pmax_equipos
    ADD CONSTRAINT ensayos_pmax_equipos_pkey PRIMARY KEY (id);


--
-- Name: ensayos_pmax_equipos ensayos_pmax_equipos_pmax_id_equipos_id_c37551d0_uniq; Type: CONSTRAINT; Schema: public; Owner: postgres
--

ALTER TABLE ONLY public.ensayos_pmax_equipos
    ADD CONSTRAINT ensayos_pmax_equipos_pmax_id_equipos_id_c37551d0_uniq UNIQUE (pmax_id, equipos_id);


--
-- Name: ensayos_pmax ensayos_pmax_pkey; Type: CONSTRAINT; Schema: public; Owner: postgres
--

ALTER TABLE ONLY public.ensayos_pmax
    ADD CONSTRAINT ensayos_pmax_pkey PRIMARY KEY (id);


--
-- Name: ensayos_rec_equipos ensayos_rec_equipos_pkey; Type: CONSTRAINT; Schema: public; Owner: postgres
--

ALTER TABLE ONLY public.ensayos_rec_equipos
    ADD CONSTRAINT ensayos_rec_equipos_pkey PRIMARY KEY (id);


--
-- Name: ensayos_rec_equipos ensayos_rec_equipos_rec_id_equipos_id_6734d406_uniq; Type: CONSTRAINT; Schema: public; Owner: postgres
--

ALTER TABLE ONLY public.ensayos_rec_equipos
    ADD CONSTRAINT ensayos_rec_equipos_rec_id_equipos_id_6734d406_uniq UNIQUE (rec_id, equipos_id);


--
-- Name: ensayos_rec ensayos_rec_pkey; Type: CONSTRAINT; Schema: public; Owner: postgres
--

ALTER TABLE ONLY public.ensayos_rec
    ADD CONSTRAINT ensayos_rec_pkey PRIMARY KEY (id);


--
-- Name: ensayos_resultadosclo ensayos_resultadosclo_pkey; Type: CONSTRAINT; Schema: public; Owner: postgres
--

ALTER TABLE ONLY public.ensayos_resultadosclo
    ADD CONSTRAINT ensayos_resultadosclo_pkey PRIMARY KEY (id);


--
-- Name: ensayos_resultadosemi ensayos_resultadosemi_pkey; Type: CONSTRAINT; Schema: public; Owner: postgres
--

ALTER TABLE ONLY public.ensayos_resultadosemi
    ADD CONSTRAINT ensayos_resultadosemi_pkey PRIMARY KEY (id);


--
-- Name: ensayos_resultadosemisin ensayos_resultadosemisin_pkey; Type: CONSTRAINT; Schema: public; Owner: postgres
--

ALTER TABLE ONLY public.ensayos_resultadosemisin
    ADD CONSTRAINT ensayos_resultadosemisin_pkey PRIMARY KEY (id);


--
-- Name: ensayos_resultadoshumedad ensayos_resultadoshumedad_pkey; Type: CONSTRAINT; Schema: public; Owner: postgres
--

ALTER TABLE ONLY public.ensayos_resultadoshumedad
    ADD CONSTRAINT ensayos_resultadoshumedad_pkey PRIMARY KEY (id);


--
-- Name: ensayos_resultadoslie ensayos_resultadoslie_pkey; Type: CONSTRAINT; Schema: public; Owner: postgres
--

ALTER TABLE ONLY public.ensayos_resultadoslie
    ADD CONSTRAINT ensayos_resultadoslie_pkey PRIMARY KEY (id);


--
-- Name: ensayos_resultadosn1 ensayos_resultadosn1_pkey; Type: CONSTRAINT; Schema: public; Owner: postgres
--

ALTER TABLE ONLY public.ensayos_resultadosn1
    ADD CONSTRAINT ensayos_resultadosn1_pkey PRIMARY KEY (id);


--
-- Name: ensayos_resultadosn2 ensayos_resultadosn2_pkey; Type: CONSTRAINT; Schema: public; Owner: postgres
--

ALTER TABLE ONLY public.ensayos_resultadosn2
    ADD CONSTRAINT ensayos_resultadosn2_pkey PRIMARY KEY (id);


--
-- Name: ensayos_resultadosn4 ensayos_resultadosn4_pkey; Type: CONSTRAINT; Schema: public; Owner: postgres
--

ALTER TABLE ONLY public.ensayos_resultadosn4
    ADD CONSTRAINT ensayos_resultadosn4_pkey PRIMARY KEY (id);


--
-- Name: ensayos_resultadoso1 ensayos_resultadoso1_pkey; Type: CONSTRAINT; Schema: public; Owner: postgres
--

ALTER TABLE ONLY public.ensayos_resultadoso1
    ADD CONSTRAINT ensayos_resultadoso1_pkey PRIMARY KEY (id);


--
-- Name: ensayos_resultadospmax ensayos_resultadospmax_pkey; Type: CONSTRAINT; Schema: public; Owner: postgres
--

ALTER TABLE ONLY public.ensayos_resultadospmax
    ADD CONSTRAINT ensayos_resultadospmax_pkey PRIMARY KEY (id);


--
-- Name: ensayos_resultadosrec ensayos_resultadosrec_pkey; Type: CONSTRAINT; Schema: public; Owner: postgres
--

ALTER TABLE ONLY public.ensayos_resultadosrec
    ADD CONSTRAINT ensayos_resultadosrec_pkey PRIMARY KEY (id);


--
-- Name: ensayos_resultadostmic ensayos_resultadostmic_pkey; Type: CONSTRAINT; Schema: public; Owner: postgres
--

ALTER TABLE ONLY public.ensayos_resultadostmic
    ADD CONSTRAINT ensayos_resultadostmic_pkey PRIMARY KEY (id);


--
-- Name: ensayos_resultadostmin ensayos_resultadostmin_pkey; Type: CONSTRAINT; Schema: public; Owner: postgres
--

ALTER TABLE ONLY public.ensayos_resultadostmin
    ADD CONSTRAINT ensayos_resultadostmin_pkey PRIMARY KEY (id);


--
-- Name: ensayos_tmic_equipos ensayos_tmic_equipos_pkey; Type: CONSTRAINT; Schema: public; Owner: postgres
--

ALTER TABLE ONLY public.ensayos_tmic_equipos
    ADD CONSTRAINT ensayos_tmic_equipos_pkey PRIMARY KEY (id);


--
-- Name: ensayos_tmic_equipos ensayos_tmic_equipos_tmic_id_equipos_id_ec454c9c_uniq; Type: CONSTRAINT; Schema: public; Owner: postgres
--

ALTER TABLE ONLY public.ensayos_tmic_equipos
    ADD CONSTRAINT ensayos_tmic_equipos_tmic_id_equipos_id_ec454c9c_uniq UNIQUE (tmic_id, equipos_id);


--
-- Name: ensayos_tmic ensayos_tmic_pkey; Type: CONSTRAINT; Schema: public; Owner: postgres
--

ALTER TABLE ONLY public.ensayos_tmic
    ADD CONSTRAINT ensayos_tmic_pkey PRIMARY KEY (id);


--
-- Name: ensayos_tmin_equipos ensayos_tmin_equipos_pkey; Type: CONSTRAINT; Schema: public; Owner: postgres
--

ALTER TABLE ONLY public.ensayos_tmin_equipos
    ADD CONSTRAINT ensayos_tmin_equipos_pkey PRIMARY KEY (id);


--
-- Name: ensayos_tmin_equipos ensayos_tmin_equipos_tmin_id_equipos_id_378ec8c5_uniq; Type: CONSTRAINT; Schema: public; Owner: postgres
--

ALTER TABLE ONLY public.ensayos_tmin_equipos
    ADD CONSTRAINT ensayos_tmin_equipos_tmin_id_equipos_id_378ec8c5_uniq UNIQUE (tmin_id, equipos_id);


--
-- Name: ensayos_tmin ensayos_tmin_pkey; Type: CONSTRAINT; Schema: public; Owner: postgres
--

ALTER TABLE ONLY public.ensayos_tmin
    ADD CONSTRAINT ensayos_tmin_pkey PRIMARY KEY (id);


--
-- Name: ensayos_tratamiento_equipoSecado ensayos_tratamiento_equi_tratamiento_id_equipos_i_1b98941e_uniq; Type: CONSTRAINT; Schema: public; Owner: postgres
--

ALTER TABLE ONLY public."ensayos_tratamiento_equipoSecado"
    ADD CONSTRAINT ensayos_tratamiento_equi_tratamiento_id_equipos_i_1b98941e_uniq UNIQUE (tratamiento_id, equipos_id);


--
-- Name: ensayos_tratamiento_equipoMolido ensayos_tratamiento_equi_tratamiento_id_equipos_i_6ea4b146_uniq; Type: CONSTRAINT; Schema: public; Owner: postgres
--

ALTER TABLE ONLY public."ensayos_tratamiento_equipoMolido"
    ADD CONSTRAINT ensayos_tratamiento_equi_tratamiento_id_equipos_i_6ea4b146_uniq UNIQUE (tratamiento_id, equipos_id);


--
-- Name: ensayos_tratamiento_equipoTamizado ensayos_tratamiento_equi_tratamiento_id_equipos_i_eb047dd8_uniq; Type: CONSTRAINT; Schema: public; Owner: postgres
--

ALTER TABLE ONLY public."ensayos_tratamiento_equipoTamizado"
    ADD CONSTRAINT ensayos_tratamiento_equi_tratamiento_id_equipos_i_eb047dd8_uniq UNIQUE (tratamiento_id, equipos_id);


--
-- Name: ensayos_tratamiento_equipoMolido ensayos_tratamiento_equipoMolido_pkey; Type: CONSTRAINT; Schema: public; Owner: postgres
--

ALTER TABLE ONLY public."ensayos_tratamiento_equipoMolido"
    ADD CONSTRAINT "ensayos_tratamiento_equipoMolido_pkey" PRIMARY KEY (id);


--
-- Name: ensayos_tratamiento_equipoSecado ensayos_tratamiento_equipoSecado_pkey; Type: CONSTRAINT; Schema: public; Owner: postgres
--

ALTER TABLE ONLY public."ensayos_tratamiento_equipoSecado"
    ADD CONSTRAINT "ensayos_tratamiento_equipoSecado_pkey" PRIMARY KEY (id);


--
-- Name: ensayos_tratamiento_equipoTamizado ensayos_tratamiento_equipoTamizado_pkey; Type: CONSTRAINT; Schema: public; Owner: postgres
--

ALTER TABLE ONLY public."ensayos_tratamiento_equipoTamizado"
    ADD CONSTRAINT "ensayos_tratamiento_equipoTamizado_pkey" PRIMARY KEY (id);


--
-- Name: ensayos_tratamiento ensayos_tratamiento_pkey; Type: CONSTRAINT; Schema: public; Owner: postgres
--

ALTER TABLE ONLY public.ensayos_tratamiento
    ADD CONSTRAINT ensayos_tratamiento_pkey PRIMARY KEY (id);


--
-- Name: expedientes_empresa expedientes_empresa_pkey; Type: CONSTRAINT; Schema: public; Owner: postgres
--

ALTER TABLE ONLY public.expedientes_empresa
    ADD CONSTRAINT expedientes_empresa_pkey PRIMARY KEY (id);


--
-- Name: expedientes_expedientes expedientes_expedientes_pkey; Type: CONSTRAINT; Schema: public; Owner: postgres
--

ALTER TABLE ONLY public.expedientes_expedientes
    ADD CONSTRAINT expedientes_expedientes_pkey PRIMARY KEY (id);


--
-- Name: muestras_descripcionmuestra muestras_descripcionmuestra_pkey; Type: CONSTRAINT; Schema: public; Owner: postgres
--

ALTER TABLE ONLY public.muestras_descripcionmuestra
    ADD CONSTRAINT muestras_descripcionmuestra_pkey PRIMARY KEY (id);


--
-- Name: muestras_listaensayos muestras_listaensayos_pkey; Type: CONSTRAINT; Schema: public; Owner: postgres
--

ALTER TABLE ONLY public.muestras_listaensayos
    ADD CONSTRAINT muestras_listaensayos_pkey PRIMARY KEY (id);


--
-- Name: muestras_muestras_listaEnsayos muestras_muestras_listaE_muestras_id_listaensayos_958ea2a6_uniq; Type: CONSTRAINT; Schema: public; Owner: postgres
--

ALTER TABLE ONLY public."muestras_muestras_listaEnsayos"
    ADD CONSTRAINT "muestras_muestras_listaE_muestras_id_listaensayos_958ea2a6_uniq" UNIQUE (muestras_id, listaensayos_id);


--
-- Name: muestras_muestras_listaEnsayos muestras_muestras_listaEnsayos_pkey; Type: CONSTRAINT; Schema: public; Owner: postgres
--

ALTER TABLE ONLY public."muestras_muestras_listaEnsayos"
    ADD CONSTRAINT "muestras_muestras_listaEnsayos_pkey" PRIMARY KEY (id);


--
-- Name: muestras_muestras muestras_muestras_pkey; Type: CONSTRAINT; Schema: public; Owner: postgres
--

ALTER TABLE ONLY public.muestras_muestras
    ADD CONSTRAINT muestras_muestras_pkey PRIMARY KEY (id);


--
-- Name: pages_firmas pages_firmas_pkey; Type: CONSTRAINT; Schema: public; Owner: postgres
--

ALTER TABLE ONLY public.pages_firmas
    ADD CONSTRAINT pages_firmas_pkey PRIMARY KEY (id);


--
-- Name: pages_firmas pages_firmas_usuario_id_key; Type: CONSTRAINT; Schema: public; Owner: postgres
--

ALTER TABLE ONLY public.pages_firmas
    ADD CONSTRAINT pages_firmas_usuario_id_key UNIQUE (usuario_id);


--
-- Name: auth_group_name_a6ea08ec_like; Type: INDEX; Schema: public; Owner: postgres
--

CREATE INDEX auth_group_name_a6ea08ec_like ON public.auth_group USING btree (name varchar_pattern_ops);


--
-- Name: auth_group_permissions_group_id_b120cbf9; Type: INDEX; Schema: public; Owner: postgres
--

CREATE INDEX auth_group_permissions_group_id_b120cbf9 ON public.auth_group_permissions USING btree (group_id);


--
-- Name: auth_group_permissions_permission_id_84c5c92e; Type: INDEX; Schema: public; Owner: postgres
--

CREATE INDEX auth_group_permissions_permission_id_84c5c92e ON public.auth_group_permissions USING btree (permission_id);


--
-- Name: auth_permission_content_type_id_2f476e4b; Type: INDEX; Schema: public; Owner: postgres
--

CREATE INDEX auth_permission_content_type_id_2f476e4b ON public.auth_permission USING btree (content_type_id);


--
-- Name: auth_user_groups_group_id_97559544; Type: INDEX; Schema: public; Owner: postgres
--

CREATE INDEX auth_user_groups_group_id_97559544 ON public.auth_user_groups USING btree (group_id);


--
-- Name: auth_user_groups_user_id_6a12ed8b; Type: INDEX; Schema: public; Owner: postgres
--

CREATE INDEX auth_user_groups_user_id_6a12ed8b ON public.auth_user_groups USING btree (user_id);


--
-- Name: auth_user_user_permissions_permission_id_1fbb5f2c; Type: INDEX; Schema: public; Owner: postgres
--

CREATE INDEX auth_user_user_permissions_permission_id_1fbb5f2c ON public.auth_user_user_permissions USING btree (permission_id);


--
-- Name: auth_user_user_permissions_user_id_a95ead1b; Type: INDEX; Schema: public; Owner: postgres
--

CREATE INDEX auth_user_user_permissions_user_id_a95ead1b ON public.auth_user_user_permissions USING btree (user_id);


--
-- Name: auth_user_username_6821ab7c_like; Type: INDEX; Schema: public; Owner: postgres
--

CREATE INDEX auth_user_username_6821ab7c_like ON public.auth_user USING btree (username varchar_pattern_ops);


--
-- Name: calidad_equipoasociado_equipoAsociado_id_f2c4c876; Type: INDEX; Schema: public; Owner: postgres
--

CREATE INDEX "calidad_equipoasociado_equipoAsociado_id_f2c4c876" ON public.calidad_equipoasociado USING btree ("equipoAsociado_id");


--
-- Name: calidad_equipos_ensayos_equipos_id_8a9441c3; Type: INDEX; Schema: public; Owner: postgres
--

CREATE INDEX calidad_equipos_ensayos_equipos_id_8a9441c3 ON public.calidad_equipos_ensayos USING btree (equipos_id);


--
-- Name: calidad_equipos_ensayos_listaensayos_id_f466c8d4; Type: INDEX; Schema: public; Owner: postgres
--

CREATE INDEX calidad_equipos_ensayos_listaensayos_id_f466c8d4 ON public.calidad_equipos_ensayos USING btree (listaensayos_id);


--
-- Name: django_admin_log_content_type_id_c4bce8eb; Type: INDEX; Schema: public; Owner: postgres
--

CREATE INDEX django_admin_log_content_type_id_c4bce8eb ON public.django_admin_log USING btree (content_type_id);


--
-- Name: django_admin_log_user_id_c564eba6; Type: INDEX; Schema: public; Owner: postgres
--

CREATE INDEX django_admin_log_user_id_c564eba6 ON public.django_admin_log USING btree (user_id);


--
-- Name: django_session_expire_date_a5c62663; Type: INDEX; Schema: public; Owner: postgres
--

CREATE INDEX django_session_expire_date_a5c62663 ON public.django_session USING btree (expire_date);


--
-- Name: django_session_session_key_c0390e0f_like; Type: INDEX; Schema: public; Owner: postgres
--

CREATE INDEX django_session_session_key_c0390e0f_like ON public.django_session USING btree (session_key varchar_pattern_ops);


--
-- Name: ensayos_clo_ensayo_id_5c2088fd; Type: INDEX; Schema: public; Owner: postgres
--

CREATE INDEX ensayos_clo_ensayo_id_5c2088fd ON public.ensayos_clo USING btree (ensayo_id);


--
-- Name: ensayos_clo_equipos_clo_id_f5f7a8ed; Type: INDEX; Schema: public; Owner: postgres
--

CREATE INDEX ensayos_clo_equipos_clo_id_f5f7a8ed ON public.ensayos_clo_equipos USING btree (clo_id);


--
-- Name: ensayos_clo_equipos_equipos_id_da1466ab; Type: INDEX; Schema: public; Owner: postgres
--

CREATE INDEX ensayos_clo_equipos_equipos_id_da1466ab ON public.ensayos_clo_equipos USING btree (equipos_id);


--
-- Name: ensayos_clo_muestra_id_d87714ab; Type: INDEX; Schema: public; Owner: postgres
--

CREATE INDEX ensayos_clo_muestra_id_d87714ab ON public.ensayos_clo USING btree (muestra_id);


--
-- Name: ensayos_clo_usuario_id_05e1345f; Type: INDEX; Schema: public; Owner: postgres
--

CREATE INDEX ensayos_clo_usuario_id_05e1345f ON public.ensayos_clo USING btree (usuario_id);


--
-- Name: ensayos_emi_ensayo_id_5f984afb; Type: INDEX; Schema: public; Owner: postgres
--

CREATE INDEX ensayos_emi_ensayo_id_5f984afb ON public.ensayos_emi USING btree (ensayo_id);


--
-- Name: ensayos_emi_equipos_emi_id_7cf11679; Type: INDEX; Schema: public; Owner: postgres
--

CREATE INDEX ensayos_emi_equipos_emi_id_7cf11679 ON public.ensayos_emi_equipos USING btree (emi_id);


--
-- Name: ensayos_emi_equipos_equipos_id_9b83d07c; Type: INDEX; Schema: public; Owner: postgres
--

CREATE INDEX ensayos_emi_equipos_equipos_id_9b83d07c ON public.ensayos_emi_equipos USING btree (equipos_id);


--
-- Name: ensayos_emi_muestra_id_4189fe80; Type: INDEX; Schema: public; Owner: postgres
--

CREATE INDEX ensayos_emi_muestra_id_4189fe80 ON public.ensayos_emi USING btree (muestra_id);


--
-- Name: ensayos_emi_usuario_id_603cc279; Type: INDEX; Schema: public; Owner: postgres
--

CREATE INDEX ensayos_emi_usuario_id_603cc279 ON public.ensayos_emi USING btree (usuario_id);


--
-- Name: ensayos_emisin_ensayo_id_11ea5626; Type: INDEX; Schema: public; Owner: postgres
--

CREATE INDEX ensayos_emisin_ensayo_id_11ea5626 ON public.ensayos_emisin USING btree (ensayo_id);


--
-- Name: ensayos_emisin_equipos_emisin_id_c3eb5cbc; Type: INDEX; Schema: public; Owner: postgres
--

CREATE INDEX ensayos_emisin_equipos_emisin_id_c3eb5cbc ON public.ensayos_emisin_equipos USING btree (emisin_id);


--
-- Name: ensayos_emisin_equipos_equipos_id_fbf2abbc; Type: INDEX; Schema: public; Owner: postgres
--

CREATE INDEX ensayos_emisin_equipos_equipos_id_fbf2abbc ON public.ensayos_emisin_equipos USING btree (equipos_id);


--
-- Name: ensayos_emisin_muestra_id_f4a53482; Type: INDEX; Schema: public; Owner: postgres
--

CREATE INDEX ensayos_emisin_muestra_id_f4a53482 ON public.ensayos_emisin USING btree (muestra_id);


--
-- Name: ensayos_emisin_usuario_id_ab32da88; Type: INDEX; Schema: public; Owner: postgres
--

CREATE INDEX ensayos_emisin_usuario_id_ab32da88 ON public.ensayos_emisin USING btree (usuario_id);


--
-- Name: ensayos_granulometria_ensayo_id_7f8c85ca; Type: INDEX; Schema: public; Owner: postgres
--

CREATE INDEX ensayos_granulometria_ensayo_id_7f8c85ca ON public.ensayos_granulometria USING btree (ensayo_id);


--
-- Name: ensayos_granulometria_equipos_equipos_id_901f9917; Type: INDEX; Schema: public; Owner: postgres
--

CREATE INDEX ensayos_granulometria_equipos_equipos_id_901f9917 ON public.ensayos_granulometria_equipos USING btree (equipos_id);


--
-- Name: ensayos_granulometria_equipos_granulometria_id_1e899847; Type: INDEX; Schema: public; Owner: postgres
--

CREATE INDEX ensayos_granulometria_equipos_granulometria_id_1e899847 ON public.ensayos_granulometria_equipos USING btree (granulometria_id);


--
-- Name: ensayos_granulometria_muestra_id_6929cdc5; Type: INDEX; Schema: public; Owner: postgres
--

CREATE INDEX ensayos_granulometria_muestra_id_6929cdc5 ON public.ensayos_granulometria USING btree (muestra_id);


--
-- Name: ensayos_granulometria_usuario_id_b12ad49b; Type: INDEX; Schema: public; Owner: postgres
--

CREATE INDEX ensayos_granulometria_usuario_id_b12ad49b ON public.ensayos_granulometria USING btree (usuario_id);


--
-- Name: ensayos_humedad_ensayo_id_5639a8a2; Type: INDEX; Schema: public; Owner: postgres
--

CREATE INDEX ensayos_humedad_ensayo_id_5639a8a2 ON public.ensayos_humedad USING btree (ensayo_id);


--
-- Name: ensayos_humedad_equipos_equipos_id_28aefa09; Type: INDEX; Schema: public; Owner: postgres
--

CREATE INDEX ensayos_humedad_equipos_equipos_id_28aefa09 ON public.ensayos_humedad_equipos USING btree (equipos_id);


--
-- Name: ensayos_humedad_equipos_humedad_id_49f2440d; Type: INDEX; Schema: public; Owner: postgres
--

CREATE INDEX ensayos_humedad_equipos_humedad_id_49f2440d ON public.ensayos_humedad_equipos USING btree (humedad_id);


--
-- Name: ensayos_humedad_muestra_id_96abc0e5; Type: INDEX; Schema: public; Owner: postgres
--

CREATE INDEX ensayos_humedad_muestra_id_96abc0e5 ON public.ensayos_humedad USING btree (muestra_id);


--
-- Name: ensayos_humedad_usuario_id_fb48c634; Type: INDEX; Schema: public; Owner: postgres
--

CREATE INDEX ensayos_humedad_usuario_id_fb48c634 ON public.ensayos_humedad USING btree (usuario_id);


--
-- Name: ensayos_lie_ensayo_id_36fff22c; Type: INDEX; Schema: public; Owner: postgres
--

CREATE INDEX ensayos_lie_ensayo_id_36fff22c ON public.ensayos_lie USING btree (ensayo_id);


--
-- Name: ensayos_lie_equipos_equipos_id_e0c2fb43; Type: INDEX; Schema: public; Owner: postgres
--

CREATE INDEX ensayos_lie_equipos_equipos_id_e0c2fb43 ON public.ensayos_lie_equipos USING btree (equipos_id);


--
-- Name: ensayos_lie_equipos_lie_id_e02046f0; Type: INDEX; Schema: public; Owner: postgres
--

CREATE INDEX ensayos_lie_equipos_lie_id_e02046f0 ON public.ensayos_lie_equipos USING btree (lie_id);


--
-- Name: ensayos_lie_muestra_id_c9efbcba; Type: INDEX; Schema: public; Owner: postgres
--

CREATE INDEX ensayos_lie_muestra_id_c9efbcba ON public.ensayos_lie USING btree (muestra_id);


--
-- Name: ensayos_lie_usuario_id_469d6a34; Type: INDEX; Schema: public; Owner: postgres
--

CREATE INDEX ensayos_lie_usuario_id_469d6a34 ON public.ensayos_lie USING btree (usuario_id);


--
-- Name: ensayos_n1_ensayo_id_e9b7e4d7; Type: INDEX; Schema: public; Owner: postgres
--

CREATE INDEX ensayos_n1_ensayo_id_e9b7e4d7 ON public.ensayos_n1 USING btree (ensayo_id);


--
-- Name: ensayos_n1_equipos_equipos_id_0876e52f; Type: INDEX; Schema: public; Owner: postgres
--

CREATE INDEX ensayos_n1_equipos_equipos_id_0876e52f ON public.ensayos_n1_equipos USING btree (equipos_id);


--
-- Name: ensayos_n1_equipos_n1_id_da9a85cf; Type: INDEX; Schema: public; Owner: postgres
--

CREATE INDEX ensayos_n1_equipos_n1_id_da9a85cf ON public.ensayos_n1_equipos USING btree (n1_id);


--
-- Name: ensayos_n1_muestra_id_fcc20c99; Type: INDEX; Schema: public; Owner: postgres
--

CREATE INDEX ensayos_n1_muestra_id_fcc20c99 ON public.ensayos_n1 USING btree (muestra_id);


--
-- Name: ensayos_n1_usuario_id_9a35730d; Type: INDEX; Schema: public; Owner: postgres
--

CREATE INDEX ensayos_n1_usuario_id_9a35730d ON public.ensayos_n1 USING btree (usuario_id);


--
-- Name: ensayos_n2_ensayo_id_ffef50a4; Type: INDEX; Schema: public; Owner: postgres
--

CREATE INDEX ensayos_n2_ensayo_id_ffef50a4 ON public.ensayos_n2 USING btree (ensayo_id);


--
-- Name: ensayos_n2_equipos_equipos_id_f5bdc0c6; Type: INDEX; Schema: public; Owner: postgres
--

CREATE INDEX ensayos_n2_equipos_equipos_id_f5bdc0c6 ON public.ensayos_n2_equipos USING btree (equipos_id);


--
-- Name: ensayos_n2_equipos_n2_id_31254172; Type: INDEX; Schema: public; Owner: postgres
--

CREATE INDEX ensayos_n2_equipos_n2_id_31254172 ON public.ensayos_n2_equipos USING btree (n2_id);


--
-- Name: ensayos_n2_muestra_id_2296fa94; Type: INDEX; Schema: public; Owner: postgres
--

CREATE INDEX ensayos_n2_muestra_id_2296fa94 ON public.ensayos_n2 USING btree (muestra_id);


--
-- Name: ensayos_n2_usuario_id_d3d7d322; Type: INDEX; Schema: public; Owner: postgres
--

CREATE INDEX ensayos_n2_usuario_id_d3d7d322 ON public.ensayos_n2 USING btree (usuario_id);


--
-- Name: ensayos_n4_ensayo_id_5472635b; Type: INDEX; Schema: public; Owner: postgres
--

CREATE INDEX ensayos_n4_ensayo_id_5472635b ON public.ensayos_n4 USING btree (ensayo_id);


--
-- Name: ensayos_n4_equipos_equipos_id_c167d3f9; Type: INDEX; Schema: public; Owner: postgres
--

CREATE INDEX ensayos_n4_equipos_equipos_id_c167d3f9 ON public.ensayos_n4_equipos USING btree (equipos_id);


--
-- Name: ensayos_n4_equipos_n4_id_9e7130dd; Type: INDEX; Schema: public; Owner: postgres
--

CREATE INDEX ensayos_n4_equipos_n4_id_9e7130dd ON public.ensayos_n4_equipos USING btree (n4_id);


--
-- Name: ensayos_n4_muestra_id_fbefec3a; Type: INDEX; Schema: public; Owner: postgres
--

CREATE INDEX ensayos_n4_muestra_id_fbefec3a ON public.ensayos_n4 USING btree (muestra_id);


--
-- Name: ensayos_n4_usuario_id_2bc21854; Type: INDEX; Schema: public; Owner: postgres
--

CREATE INDEX ensayos_n4_usuario_id_2bc21854 ON public.ensayos_n4 USING btree (usuario_id);


--
-- Name: ensayos_o1_ensayo_id_88d30bec; Type: INDEX; Schema: public; Owner: postgres
--

CREATE INDEX ensayos_o1_ensayo_id_88d30bec ON public.ensayos_o1 USING btree (ensayo_id);


--
-- Name: ensayos_o1_equipos_equipos_id_872918f3; Type: INDEX; Schema: public; Owner: postgres
--

CREATE INDEX ensayos_o1_equipos_equipos_id_872918f3 ON public.ensayos_o1_equipos USING btree (equipos_id);


--
-- Name: ensayos_o1_equipos_o1_id_c112dddf; Type: INDEX; Schema: public; Owner: postgres
--

CREATE INDEX ensayos_o1_equipos_o1_id_c112dddf ON public.ensayos_o1_equipos USING btree (o1_id);


--
-- Name: ensayos_o1_muestra_id_5a812f5e; Type: INDEX; Schema: public; Owner: postgres
--

CREATE INDEX ensayos_o1_muestra_id_5a812f5e ON public.ensayos_o1 USING btree (muestra_id);


--
-- Name: ensayos_o1_usuario_id_ee16ba95; Type: INDEX; Schema: public; Owner: postgres
--

CREATE INDEX ensayos_o1_usuario_id_ee16ba95 ON public.ensayos_o1 USING btree (usuario_id);


--
-- Name: ensayos_pmax_ensayo_id_1e6e87c7; Type: INDEX; Schema: public; Owner: postgres
--

CREATE INDEX ensayos_pmax_ensayo_id_1e6e87c7 ON public.ensayos_pmax USING btree (ensayo_id);


--
-- Name: ensayos_pmax_equipos_equipos_id_f5c56b7c; Type: INDEX; Schema: public; Owner: postgres
--

CREATE INDEX ensayos_pmax_equipos_equipos_id_f5c56b7c ON public.ensayos_pmax_equipos USING btree (equipos_id);


--
-- Name: ensayos_pmax_equipos_pmax_id_d5a39a88; Type: INDEX; Schema: public; Owner: postgres
--

CREATE INDEX ensayos_pmax_equipos_pmax_id_d5a39a88 ON public.ensayos_pmax_equipos USING btree (pmax_id);


--
-- Name: ensayos_pmax_muestra_id_ba95743b; Type: INDEX; Schema: public; Owner: postgres
--

CREATE INDEX ensayos_pmax_muestra_id_ba95743b ON public.ensayos_pmax USING btree (muestra_id);


--
-- Name: ensayos_pmax_usuario_id_a4ebbad8; Type: INDEX; Schema: public; Owner: postgres
--

CREATE INDEX ensayos_pmax_usuario_id_a4ebbad8 ON public.ensayos_pmax USING btree (usuario_id);


--
-- Name: ensayos_rec_ensayo_id_9039f90b; Type: INDEX; Schema: public; Owner: postgres
--

CREATE INDEX ensayos_rec_ensayo_id_9039f90b ON public.ensayos_rec USING btree (ensayo_id);


--
-- Name: ensayos_rec_equipos_equipos_id_02e532bb; Type: INDEX; Schema: public; Owner: postgres
--

CREATE INDEX ensayos_rec_equipos_equipos_id_02e532bb ON public.ensayos_rec_equipos USING btree (equipos_id);


--
-- Name: ensayos_rec_equipos_rec_id_1e78fcde; Type: INDEX; Schema: public; Owner: postgres
--

CREATE INDEX ensayos_rec_equipos_rec_id_1e78fcde ON public.ensayos_rec_equipos USING btree (rec_id);


--
-- Name: ensayos_rec_muestra_id_d3439f99; Type: INDEX; Schema: public; Owner: postgres
--

CREATE INDEX ensayos_rec_muestra_id_d3439f99 ON public.ensayos_rec USING btree (muestra_id);


--
-- Name: ensayos_rec_usuario_id_8dc97afd; Type: INDEX; Schema: public; Owner: postgres
--

CREATE INDEX ensayos_rec_usuario_id_8dc97afd ON public.ensayos_rec USING btree (usuario_id);


--
-- Name: ensayos_resultadosclo_ensayo_id_f7263ad1; Type: INDEX; Schema: public; Owner: postgres
--

CREATE INDEX ensayos_resultadosclo_ensayo_id_f7263ad1 ON public.ensayos_resultadosclo USING btree (ensayo_id);


--
-- Name: ensayos_resultadosemi_ensayo_id_ab57061d; Type: INDEX; Schema: public; Owner: postgres
--

CREATE INDEX ensayos_resultadosemi_ensayo_id_ab57061d ON public.ensayos_resultadosemi USING btree (ensayo_id);


--
-- Name: ensayos_resultadosemisin_ensayo_id_78df2906; Type: INDEX; Schema: public; Owner: postgres
--

CREATE INDEX ensayos_resultadosemisin_ensayo_id_78df2906 ON public.ensayos_resultadosemisin USING btree (ensayo_id);


--
-- Name: ensayos_resultadoshumedad_ensayo_id_f035deef; Type: INDEX; Schema: public; Owner: postgres
--

CREATE INDEX ensayos_resultadoshumedad_ensayo_id_f035deef ON public.ensayos_resultadoshumedad USING btree (ensayo_id);


--
-- Name: ensayos_resultadoslie_ensayo_id_d1209c63; Type: INDEX; Schema: public; Owner: postgres
--

CREATE INDEX ensayos_resultadoslie_ensayo_id_d1209c63 ON public.ensayos_resultadoslie USING btree (ensayo_id);


--
-- Name: ensayos_resultadosn1_ensayo_id_c83545ed; Type: INDEX; Schema: public; Owner: postgres
--

CREATE INDEX ensayos_resultadosn1_ensayo_id_c83545ed ON public.ensayos_resultadosn1 USING btree (ensayo_id);


--
-- Name: ensayos_resultadosn2_ensayo_id_3b5466cc; Type: INDEX; Schema: public; Owner: postgres
--

CREATE INDEX ensayos_resultadosn2_ensayo_id_3b5466cc ON public.ensayos_resultadosn2 USING btree (ensayo_id);


--
-- Name: ensayos_resultadosn4_ensayo_id_fb8e514e; Type: INDEX; Schema: public; Owner: postgres
--

CREATE INDEX ensayos_resultadosn4_ensayo_id_fb8e514e ON public.ensayos_resultadosn4 USING btree (ensayo_id);


--
-- Name: ensayos_resultadoso1_ensayo_id_6bffbbd4; Type: INDEX; Schema: public; Owner: postgres
--

CREATE INDEX ensayos_resultadoso1_ensayo_id_6bffbbd4 ON public.ensayos_resultadoso1 USING btree (ensayo_id);


--
-- Name: ensayos_resultadospmax_ensayo_id_8cf3388d; Type: INDEX; Schema: public; Owner: postgres
--

CREATE INDEX ensayos_resultadospmax_ensayo_id_8cf3388d ON public.ensayos_resultadospmax USING btree (ensayo_id);


--
-- Name: ensayos_resultadosrec_ensayo_id_13bb5544; Type: INDEX; Schema: public; Owner: postgres
--

CREATE INDEX ensayos_resultadosrec_ensayo_id_13bb5544 ON public.ensayos_resultadosrec USING btree (ensayo_id);


--
-- Name: ensayos_resultadostmic_ensayo_id_8f8036d7; Type: INDEX; Schema: public; Owner: postgres
--

CREATE INDEX ensayos_resultadostmic_ensayo_id_8f8036d7 ON public.ensayos_resultadostmic USING btree (ensayo_id);


--
-- Name: ensayos_resultadostmin_ensayo_id_d86e554c; Type: INDEX; Schema: public; Owner: postgres
--

CREATE INDEX ensayos_resultadostmin_ensayo_id_d86e554c ON public.ensayos_resultadostmin USING btree (ensayo_id);


--
-- Name: ensayos_tmic_ensayo_id_be0a9233; Type: INDEX; Schema: public; Owner: postgres
--

CREATE INDEX ensayos_tmic_ensayo_id_be0a9233 ON public.ensayos_tmic USING btree (ensayo_id);


--
-- Name: ensayos_tmic_equipos_equipos_id_dde89039; Type: INDEX; Schema: public; Owner: postgres
--

CREATE INDEX ensayos_tmic_equipos_equipos_id_dde89039 ON public.ensayos_tmic_equipos USING btree (equipos_id);


--
-- Name: ensayos_tmic_equipos_tmic_id_ea6d69a4; Type: INDEX; Schema: public; Owner: postgres
--

CREATE INDEX ensayos_tmic_equipos_tmic_id_ea6d69a4 ON public.ensayos_tmic_equipos USING btree (tmic_id);


--
-- Name: ensayos_tmic_muestra_id_a401843d; Type: INDEX; Schema: public; Owner: postgres
--

CREATE INDEX ensayos_tmic_muestra_id_a401843d ON public.ensayos_tmic USING btree (muestra_id);


--
-- Name: ensayos_tmic_usuario_id_da2c80f7; Type: INDEX; Schema: public; Owner: postgres
--

CREATE INDEX ensayos_tmic_usuario_id_da2c80f7 ON public.ensayos_tmic USING btree (usuario_id);


--
-- Name: ensayos_tmin_ensayo_id_ca2c67f3; Type: INDEX; Schema: public; Owner: postgres
--

CREATE INDEX ensayos_tmin_ensayo_id_ca2c67f3 ON public.ensayos_tmin USING btree (ensayo_id);


--
-- Name: ensayos_tmin_equipos_equipos_id_c2a2ebf4; Type: INDEX; Schema: public; Owner: postgres
--

CREATE INDEX ensayos_tmin_equipos_equipos_id_c2a2ebf4 ON public.ensayos_tmin_equipos USING btree (equipos_id);


--
-- Name: ensayos_tmin_equipos_tmin_id_9432d20e; Type: INDEX; Schema: public; Owner: postgres
--

CREATE INDEX ensayos_tmin_equipos_tmin_id_9432d20e ON public.ensayos_tmin_equipos USING btree (tmin_id);


--
-- Name: ensayos_tmin_muestra_id_b34170a3; Type: INDEX; Schema: public; Owner: postgres
--

CREATE INDEX ensayos_tmin_muestra_id_b34170a3 ON public.ensayos_tmin USING btree (muestra_id);


--
-- Name: ensayos_tmin_usuario_id_cb0cf0af; Type: INDEX; Schema: public; Owner: postgres
--

CREATE INDEX ensayos_tmin_usuario_id_cb0cf0af ON public.ensayos_tmin USING btree (usuario_id);


--
-- Name: ensayos_tratamiento_ensayo_id_fadb0629; Type: INDEX; Schema: public; Owner: postgres
--

CREATE INDEX ensayos_tratamiento_ensayo_id_fadb0629 ON public.ensayos_tratamiento USING btree (ensayo_id);


--
-- Name: ensayos_tratamiento_equipoMolido_equipos_id_de5b83a3; Type: INDEX; Schema: public; Owner: postgres
--

CREATE INDEX "ensayos_tratamiento_equipoMolido_equipos_id_de5b83a3" ON public."ensayos_tratamiento_equipoMolido" USING btree (equipos_id);


--
-- Name: ensayos_tratamiento_equipoMolido_tratamiento_id_7f158cc7; Type: INDEX; Schema: public; Owner: postgres
--

CREATE INDEX "ensayos_tratamiento_equipoMolido_tratamiento_id_7f158cc7" ON public."ensayos_tratamiento_equipoMolido" USING btree (tratamiento_id);


--
-- Name: ensayos_tratamiento_equipoSecado_equipos_id_0da75d47; Type: INDEX; Schema: public; Owner: postgres
--

CREATE INDEX "ensayos_tratamiento_equipoSecado_equipos_id_0da75d47" ON public."ensayos_tratamiento_equipoSecado" USING btree (equipos_id);


--
-- Name: ensayos_tratamiento_equipoSecado_tratamiento_id_6365af72; Type: INDEX; Schema: public; Owner: postgres
--

CREATE INDEX "ensayos_tratamiento_equipoSecado_tratamiento_id_6365af72" ON public."ensayos_tratamiento_equipoSecado" USING btree (tratamiento_id);


--
-- Name: ensayos_tratamiento_equipoTamizado_equipos_id_41bfe4d4; Type: INDEX; Schema: public; Owner: postgres
--

CREATE INDEX "ensayos_tratamiento_equipoTamizado_equipos_id_41bfe4d4" ON public."ensayos_tratamiento_equipoTamizado" USING btree (equipos_id);


--
-- Name: ensayos_tratamiento_equipoTamizado_tratamiento_id_8ffc73f1; Type: INDEX; Schema: public; Owner: postgres
--

CREATE INDEX "ensayos_tratamiento_equipoTamizado_tratamiento_id_8ffc73f1" ON public."ensayos_tratamiento_equipoTamizado" USING btree (tratamiento_id);


--
-- Name: ensayos_tratamiento_muestra_id_8352bcf0; Type: INDEX; Schema: public; Owner: postgres
--

CREATE INDEX ensayos_tratamiento_muestra_id_8352bcf0 ON public.ensayos_tratamiento USING btree (muestra_id);


--
-- Name: ensayos_tratamiento_tamiz_id_6df747f8; Type: INDEX; Schema: public; Owner: postgres
--

CREATE INDEX ensayos_tratamiento_tamiz_id_6df747f8 ON public.ensayos_tratamiento USING btree (tamiz_id);


--
-- Name: ensayos_tratamiento_usuario_id_91301f6f; Type: INDEX; Schema: public; Owner: postgres
--

CREATE INDEX ensayos_tratamiento_usuario_id_91301f6f ON public.ensayos_tratamiento USING btree (usuario_id);


--
-- Name: expedientes_expedientes_empresa_id_26408bcd; Type: INDEX; Schema: public; Owner: postgres
--

CREATE INDEX expedientes_expedientes_empresa_id_26408bcd ON public.expedientes_expedientes USING btree (empresa_id);


--
-- Name: muestras_descripcionmuestra_muestra_id_163ddb38; Type: INDEX; Schema: public; Owner: postgres
--

CREATE INDEX muestras_descripcionmuestra_muestra_id_163ddb38 ON public.muestras_descripcionmuestra USING btree (muestra_id);


--
-- Name: muestras_descripcionmuestra_usuario_id_6602c009; Type: INDEX; Schema: public; Owner: postgres
--

CREATE INDEX muestras_descripcionmuestra_usuario_id_6602c009 ON public.muestras_descripcionmuestra USING btree (usuario_id);


--
-- Name: muestras_muestras_empresa_id_9c931762; Type: INDEX; Schema: public; Owner: postgres
--

CREATE INDEX muestras_muestras_empresa_id_9c931762 ON public.muestras_muestras USING btree (empresa_id);


--
-- Name: muestras_muestras_expediente_id_187df0d4; Type: INDEX; Schema: public; Owner: postgres
--

CREATE INDEX muestras_muestras_expediente_id_187df0d4 ON public.muestras_muestras USING btree (expediente_id);


--
-- Name: muestras_muestras_listaEnsayos_listaensayos_id_76a2f46c; Type: INDEX; Schema: public; Owner: postgres
--

CREATE INDEX "muestras_muestras_listaEnsayos_listaensayos_id_76a2f46c" ON public."muestras_muestras_listaEnsayos" USING btree (listaensayos_id);


--
-- Name: muestras_muestras_listaEnsayos_muestras_id_e0ca44e3; Type: INDEX; Schema: public; Owner: postgres
--

CREATE INDEX "muestras_muestras_listaEnsayos_muestras_id_e0ca44e3" ON public."muestras_muestras_listaEnsayos" USING btree (muestras_id);


--
-- Name: auth_group_permissions auth_group_permissio_permission_id_84c5c92e_fk_auth_perm; Type: FK CONSTRAINT; Schema: public; Owner: postgres
--

ALTER TABLE ONLY public.auth_group_permissions
    ADD CONSTRAINT auth_group_permissio_permission_id_84c5c92e_fk_auth_perm FOREIGN KEY (permission_id) REFERENCES public.auth_permission(id) DEFERRABLE INITIALLY DEFERRED;


--
-- Name: auth_group_permissions auth_group_permissions_group_id_b120cbf9_fk_auth_group_id; Type: FK CONSTRAINT; Schema: public; Owner: postgres
--

ALTER TABLE ONLY public.auth_group_permissions
    ADD CONSTRAINT auth_group_permissions_group_id_b120cbf9_fk_auth_group_id FOREIGN KEY (group_id) REFERENCES public.auth_group(id) DEFERRABLE INITIALLY DEFERRED;


--
-- Name: auth_permission auth_permission_content_type_id_2f476e4b_fk_django_co; Type: FK CONSTRAINT; Schema: public; Owner: postgres
--

ALTER TABLE ONLY public.auth_permission
    ADD CONSTRAINT auth_permission_content_type_id_2f476e4b_fk_django_co FOREIGN KEY (content_type_id) REFERENCES public.django_content_type(id) DEFERRABLE INITIALLY DEFERRED;


--
-- Name: auth_user_groups auth_user_groups_group_id_97559544_fk_auth_group_id; Type: FK CONSTRAINT; Schema: public; Owner: postgres
--

ALTER TABLE ONLY public.auth_user_groups
    ADD CONSTRAINT auth_user_groups_group_id_97559544_fk_auth_group_id FOREIGN KEY (group_id) REFERENCES public.auth_group(id) DEFERRABLE INITIALLY DEFERRED;


--
-- Name: auth_user_groups auth_user_groups_user_id_6a12ed8b_fk_auth_user_id; Type: FK CONSTRAINT; Schema: public; Owner: postgres
--

ALTER TABLE ONLY public.auth_user_groups
    ADD CONSTRAINT auth_user_groups_user_id_6a12ed8b_fk_auth_user_id FOREIGN KEY (user_id) REFERENCES public.auth_user(id) DEFERRABLE INITIALLY DEFERRED;


--
-- Name: auth_user_user_permissions auth_user_user_permi_permission_id_1fbb5f2c_fk_auth_perm; Type: FK CONSTRAINT; Schema: public; Owner: postgres
--

ALTER TABLE ONLY public.auth_user_user_permissions
    ADD CONSTRAINT auth_user_user_permi_permission_id_1fbb5f2c_fk_auth_perm FOREIGN KEY (permission_id) REFERENCES public.auth_permission(id) DEFERRABLE INITIALLY DEFERRED;


--
-- Name: auth_user_user_permissions auth_user_user_permissions_user_id_a95ead1b_fk_auth_user_id; Type: FK CONSTRAINT; Schema: public; Owner: postgres
--

ALTER TABLE ONLY public.auth_user_user_permissions
    ADD CONSTRAINT auth_user_user_permissions_user_id_a95ead1b_fk_auth_user_id FOREIGN KEY (user_id) REFERENCES public.auth_user(id) DEFERRABLE INITIALLY DEFERRED;


--
-- Name: calidad_equipoasociado calidad_equipoasocia_equipoAsociado_id_f2c4c876_fk_calidad_e; Type: FK CONSTRAINT; Schema: public; Owner: postgres
--

ALTER TABLE ONLY public.calidad_equipoasociado
    ADD CONSTRAINT "calidad_equipoasocia_equipoAsociado_id_f2c4c876_fk_calidad_e" FOREIGN KEY ("equipoAsociado_id") REFERENCES public.calidad_equipos(id) DEFERRABLE INITIALLY DEFERRED;


--
-- Name: calidad_equipos_ensayos calidad_equipos_ensa_equipos_id_8a9441c3_fk_calidad_e; Type: FK CONSTRAINT; Schema: public; Owner: postgres
--

ALTER TABLE ONLY public.calidad_equipos_ensayos
    ADD CONSTRAINT calidad_equipos_ensa_equipos_id_8a9441c3_fk_calidad_e FOREIGN KEY (equipos_id) REFERENCES public.calidad_equipos(id) DEFERRABLE INITIALLY DEFERRED;


--
-- Name: calidad_equipos_ensayos calidad_equipos_ensa_listaensayos_id_f466c8d4_fk_muestras_; Type: FK CONSTRAINT; Schema: public; Owner: postgres
--

ALTER TABLE ONLY public.calidad_equipos_ensayos
    ADD CONSTRAINT calidad_equipos_ensa_listaensayos_id_f466c8d4_fk_muestras_ FOREIGN KEY (listaensayos_id) REFERENCES public.muestras_listaensayos(id) DEFERRABLE INITIALLY DEFERRED;


--
-- Name: django_admin_log django_admin_log_content_type_id_c4bce8eb_fk_django_co; Type: FK CONSTRAINT; Schema: public; Owner: postgres
--

ALTER TABLE ONLY public.django_admin_log
    ADD CONSTRAINT django_admin_log_content_type_id_c4bce8eb_fk_django_co FOREIGN KEY (content_type_id) REFERENCES public.django_content_type(id) DEFERRABLE INITIALLY DEFERRED;


--
-- Name: django_admin_log django_admin_log_user_id_c564eba6_fk_auth_user_id; Type: FK CONSTRAINT; Schema: public; Owner: postgres
--

ALTER TABLE ONLY public.django_admin_log
    ADD CONSTRAINT django_admin_log_user_id_c564eba6_fk_auth_user_id FOREIGN KEY (user_id) REFERENCES public.auth_user(id) DEFERRABLE INITIALLY DEFERRED;


--
-- Name: ensayos_clo ensayos_clo_ensayo_id_5c2088fd_fk_muestras_listaensayos_id; Type: FK CONSTRAINT; Schema: public; Owner: postgres
--

ALTER TABLE ONLY public.ensayos_clo
    ADD CONSTRAINT ensayos_clo_ensayo_id_5c2088fd_fk_muestras_listaensayos_id FOREIGN KEY (ensayo_id) REFERENCES public.muestras_listaensayos(id) DEFERRABLE INITIALLY DEFERRED;


--
-- Name: ensayos_clo_equipos ensayos_clo_equipos_clo_id_f5f7a8ed_fk_ensayos_clo_id; Type: FK CONSTRAINT; Schema: public; Owner: postgres
--

ALTER TABLE ONLY public.ensayos_clo_equipos
    ADD CONSTRAINT ensayos_clo_equipos_clo_id_f5f7a8ed_fk_ensayos_clo_id FOREIGN KEY (clo_id) REFERENCES public.ensayos_clo(id) DEFERRABLE INITIALLY DEFERRED;


--
-- Name: ensayos_clo_equipos ensayos_clo_equipos_equipos_id_da1466ab_fk_calidad_equipos_id; Type: FK CONSTRAINT; Schema: public; Owner: postgres
--

ALTER TABLE ONLY public.ensayos_clo_equipos
    ADD CONSTRAINT ensayos_clo_equipos_equipos_id_da1466ab_fk_calidad_equipos_id FOREIGN KEY (equipos_id) REFERENCES public.calidad_equipos(id) DEFERRABLE INITIALLY DEFERRED;


--
-- Name: ensayos_clo ensayos_clo_muestra_id_d87714ab_fk_muestras_muestras_id; Type: FK CONSTRAINT; Schema: public; Owner: postgres
--

ALTER TABLE ONLY public.ensayos_clo
    ADD CONSTRAINT ensayos_clo_muestra_id_d87714ab_fk_muestras_muestras_id FOREIGN KEY (muestra_id) REFERENCES public.muestras_muestras(id) DEFERRABLE INITIALLY DEFERRED;


--
-- Name: ensayos_clo ensayos_clo_usuario_id_05e1345f_fk_auth_user_id; Type: FK CONSTRAINT; Schema: public; Owner: postgres
--

ALTER TABLE ONLY public.ensayos_clo
    ADD CONSTRAINT ensayos_clo_usuario_id_05e1345f_fk_auth_user_id FOREIGN KEY (usuario_id) REFERENCES public.auth_user(id) DEFERRABLE INITIALLY DEFERRED;


--
-- Name: ensayos_emi ensayos_emi_ensayo_id_5f984afb_fk_muestras_listaensayos_id; Type: FK CONSTRAINT; Schema: public; Owner: postgres
--

ALTER TABLE ONLY public.ensayos_emi
    ADD CONSTRAINT ensayos_emi_ensayo_id_5f984afb_fk_muestras_listaensayos_id FOREIGN KEY (ensayo_id) REFERENCES public.muestras_listaensayos(id) DEFERRABLE INITIALLY DEFERRED;


--
-- Name: ensayos_emi_equipos ensayos_emi_equipos_emi_id_7cf11679_fk_ensayos_emi_id; Type: FK CONSTRAINT; Schema: public; Owner: postgres
--

ALTER TABLE ONLY public.ensayos_emi_equipos
    ADD CONSTRAINT ensayos_emi_equipos_emi_id_7cf11679_fk_ensayos_emi_id FOREIGN KEY (emi_id) REFERENCES public.ensayos_emi(id) DEFERRABLE INITIALLY DEFERRED;


--
-- Name: ensayos_emi_equipos ensayos_emi_equipos_equipos_id_9b83d07c_fk_calidad_equipos_id; Type: FK CONSTRAINT; Schema: public; Owner: postgres
--

ALTER TABLE ONLY public.ensayos_emi_equipos
    ADD CONSTRAINT ensayos_emi_equipos_equipos_id_9b83d07c_fk_calidad_equipos_id FOREIGN KEY (equipos_id) REFERENCES public.calidad_equipos(id) DEFERRABLE INITIALLY DEFERRED;


--
-- Name: ensayos_emi ensayos_emi_muestra_id_4189fe80_fk_muestras_muestras_id; Type: FK CONSTRAINT; Schema: public; Owner: postgres
--

ALTER TABLE ONLY public.ensayos_emi
    ADD CONSTRAINT ensayos_emi_muestra_id_4189fe80_fk_muestras_muestras_id FOREIGN KEY (muestra_id) REFERENCES public.muestras_muestras(id) DEFERRABLE INITIALLY DEFERRED;


--
-- Name: ensayos_emi ensayos_emi_usuario_id_603cc279_fk_auth_user_id; Type: FK CONSTRAINT; Schema: public; Owner: postgres
--

ALTER TABLE ONLY public.ensayos_emi
    ADD CONSTRAINT ensayos_emi_usuario_id_603cc279_fk_auth_user_id FOREIGN KEY (usuario_id) REFERENCES public.auth_user(id) DEFERRABLE INITIALLY DEFERRED;


--
-- Name: ensayos_emisin ensayos_emisin_ensayo_id_11ea5626_fk_muestras_listaensayos_id; Type: FK CONSTRAINT; Schema: public; Owner: postgres
--

ALTER TABLE ONLY public.ensayos_emisin
    ADD CONSTRAINT ensayos_emisin_ensayo_id_11ea5626_fk_muestras_listaensayos_id FOREIGN KEY (ensayo_id) REFERENCES public.muestras_listaensayos(id) DEFERRABLE INITIALLY DEFERRED;


--
-- Name: ensayos_emisin_equipos ensayos_emisin_equip_equipos_id_fbf2abbc_fk_calidad_e; Type: FK CONSTRAINT; Schema: public; Owner: postgres
--

ALTER TABLE ONLY public.ensayos_emisin_equipos
    ADD CONSTRAINT ensayos_emisin_equip_equipos_id_fbf2abbc_fk_calidad_e FOREIGN KEY (equipos_id) REFERENCES public.calidad_equipos(id) DEFERRABLE INITIALLY DEFERRED;


--
-- Name: ensayos_emisin_equipos ensayos_emisin_equipos_emisin_id_c3eb5cbc_fk_ensayos_emisin_id; Type: FK CONSTRAINT; Schema: public; Owner: postgres
--

ALTER TABLE ONLY public.ensayos_emisin_equipos
    ADD CONSTRAINT ensayos_emisin_equipos_emisin_id_c3eb5cbc_fk_ensayos_emisin_id FOREIGN KEY (emisin_id) REFERENCES public.ensayos_emisin(id) DEFERRABLE INITIALLY DEFERRED;


--
-- Name: ensayos_emisin ensayos_emisin_muestra_id_f4a53482_fk_muestras_muestras_id; Type: FK CONSTRAINT; Schema: public; Owner: postgres
--

ALTER TABLE ONLY public.ensayos_emisin
    ADD CONSTRAINT ensayos_emisin_muestra_id_f4a53482_fk_muestras_muestras_id FOREIGN KEY (muestra_id) REFERENCES public.muestras_muestras(id) DEFERRABLE INITIALLY DEFERRED;


--
-- Name: ensayos_emisin ensayos_emisin_usuario_id_ab32da88_fk_auth_user_id; Type: FK CONSTRAINT; Schema: public; Owner: postgres
--

ALTER TABLE ONLY public.ensayos_emisin
    ADD CONSTRAINT ensayos_emisin_usuario_id_ab32da88_fk_auth_user_id FOREIGN KEY (usuario_id) REFERENCES public.auth_user(id) DEFERRABLE INITIALLY DEFERRED;


--
-- Name: ensayos_granulometria ensayos_granulometri_ensayo_id_7f8c85ca_fk_muestras_; Type: FK CONSTRAINT; Schema: public; Owner: postgres
--

ALTER TABLE ONLY public.ensayos_granulometria
    ADD CONSTRAINT ensayos_granulometri_ensayo_id_7f8c85ca_fk_muestras_ FOREIGN KEY (ensayo_id) REFERENCES public.muestras_listaensayos(id) DEFERRABLE INITIALLY DEFERRED;


--
-- Name: ensayos_granulometria_equipos ensayos_granulometri_equipos_id_901f9917_fk_calidad_e; Type: FK CONSTRAINT; Schema: public; Owner: postgres
--

ALTER TABLE ONLY public.ensayos_granulometria_equipos
    ADD CONSTRAINT ensayos_granulometri_equipos_id_901f9917_fk_calidad_e FOREIGN KEY (equipos_id) REFERENCES public.calidad_equipos(id) DEFERRABLE INITIALLY DEFERRED;


--
-- Name: ensayos_granulometria_equipos ensayos_granulometri_granulometria_id_1e899847_fk_ensayos_g; Type: FK CONSTRAINT; Schema: public; Owner: postgres
--

ALTER TABLE ONLY public.ensayos_granulometria_equipos
    ADD CONSTRAINT ensayos_granulometri_granulometria_id_1e899847_fk_ensayos_g FOREIGN KEY (granulometria_id) REFERENCES public.ensayos_granulometria(id) DEFERRABLE INITIALLY DEFERRED;


--
-- Name: ensayos_granulometria ensayos_granulometri_muestra_id_6929cdc5_fk_muestras_; Type: FK CONSTRAINT; Schema: public; Owner: postgres
--

ALTER TABLE ONLY public.ensayos_granulometria
    ADD CONSTRAINT ensayos_granulometri_muestra_id_6929cdc5_fk_muestras_ FOREIGN KEY (muestra_id) REFERENCES public.muestras_muestras(id) DEFERRABLE INITIALLY DEFERRED;


--
-- Name: ensayos_granulometria ensayos_granulometria_usuario_id_b12ad49b_fk_auth_user_id; Type: FK CONSTRAINT; Schema: public; Owner: postgres
--

ALTER TABLE ONLY public.ensayos_granulometria
    ADD CONSTRAINT ensayos_granulometria_usuario_id_b12ad49b_fk_auth_user_id FOREIGN KEY (usuario_id) REFERENCES public.auth_user(id) DEFERRABLE INITIALLY DEFERRED;


--
-- Name: ensayos_humedad ensayos_humedad_ensayo_id_5639a8a2_fk_muestras_listaensayos_id; Type: FK CONSTRAINT; Schema: public; Owner: postgres
--

ALTER TABLE ONLY public.ensayos_humedad
    ADD CONSTRAINT ensayos_humedad_ensayo_id_5639a8a2_fk_muestras_listaensayos_id FOREIGN KEY (ensayo_id) REFERENCES public.muestras_listaensayos(id) DEFERRABLE INITIALLY DEFERRED;


--
-- Name: ensayos_humedad_equipos ensayos_humedad_equi_equipos_id_28aefa09_fk_calidad_e; Type: FK CONSTRAINT; Schema: public; Owner: postgres
--

ALTER TABLE ONLY public.ensayos_humedad_equipos
    ADD CONSTRAINT ensayos_humedad_equi_equipos_id_28aefa09_fk_calidad_e FOREIGN KEY (equipos_id) REFERENCES public.calidad_equipos(id) DEFERRABLE INITIALLY DEFERRED;


--
-- Name: ensayos_humedad_equipos ensayos_humedad_equi_humedad_id_49f2440d_fk_ensayos_h; Type: FK CONSTRAINT; Schema: public; Owner: postgres
--

ALTER TABLE ONLY public.ensayos_humedad_equipos
    ADD CONSTRAINT ensayos_humedad_equi_humedad_id_49f2440d_fk_ensayos_h FOREIGN KEY (humedad_id) REFERENCES public.ensayos_humedad(id) DEFERRABLE INITIALLY DEFERRED;


--
-- Name: ensayos_humedad ensayos_humedad_muestra_id_96abc0e5_fk_muestras_muestras_id; Type: FK CONSTRAINT; Schema: public; Owner: postgres
--

ALTER TABLE ONLY public.ensayos_humedad
    ADD CONSTRAINT ensayos_humedad_muestra_id_96abc0e5_fk_muestras_muestras_id FOREIGN KEY (muestra_id) REFERENCES public.muestras_muestras(id) DEFERRABLE INITIALLY DEFERRED;


--
-- Name: ensayos_humedad ensayos_humedad_usuario_id_fb48c634_fk_auth_user_id; Type: FK CONSTRAINT; Schema: public; Owner: postgres
--

ALTER TABLE ONLY public.ensayos_humedad
    ADD CONSTRAINT ensayos_humedad_usuario_id_fb48c634_fk_auth_user_id FOREIGN KEY (usuario_id) REFERENCES public.auth_user(id) DEFERRABLE INITIALLY DEFERRED;


--
-- Name: ensayos_lie ensayos_lie_ensayo_id_36fff22c_fk_muestras_listaensayos_id; Type: FK CONSTRAINT; Schema: public; Owner: postgres
--

ALTER TABLE ONLY public.ensayos_lie
    ADD CONSTRAINT ensayos_lie_ensayo_id_36fff22c_fk_muestras_listaensayos_id FOREIGN KEY (ensayo_id) REFERENCES public.muestras_listaensayos(id) DEFERRABLE INITIALLY DEFERRED;


--
-- Name: ensayos_lie_equipos ensayos_lie_equipos_equipos_id_e0c2fb43_fk_calidad_equipos_id; Type: FK CONSTRAINT; Schema: public; Owner: postgres
--

ALTER TABLE ONLY public.ensayos_lie_equipos
    ADD CONSTRAINT ensayos_lie_equipos_equipos_id_e0c2fb43_fk_calidad_equipos_id FOREIGN KEY (equipos_id) REFERENCES public.calidad_equipos(id) DEFERRABLE INITIALLY DEFERRED;


--
-- Name: ensayos_lie_equipos ensayos_lie_equipos_lie_id_e02046f0_fk_ensayos_lie_id; Type: FK CONSTRAINT; Schema: public; Owner: postgres
--

ALTER TABLE ONLY public.ensayos_lie_equipos
    ADD CONSTRAINT ensayos_lie_equipos_lie_id_e02046f0_fk_ensayos_lie_id FOREIGN KEY (lie_id) REFERENCES public.ensayos_lie(id) DEFERRABLE INITIALLY DEFERRED;


--
-- Name: ensayos_lie ensayos_lie_muestra_id_c9efbcba_fk_muestras_muestras_id; Type: FK CONSTRAINT; Schema: public; Owner: postgres
--

ALTER TABLE ONLY public.ensayos_lie
    ADD CONSTRAINT ensayos_lie_muestra_id_c9efbcba_fk_muestras_muestras_id FOREIGN KEY (muestra_id) REFERENCES public.muestras_muestras(id) DEFERRABLE INITIALLY DEFERRED;


--
-- Name: ensayos_lie ensayos_lie_usuario_id_469d6a34_fk_auth_user_id; Type: FK CONSTRAINT; Schema: public; Owner: postgres
--

ALTER TABLE ONLY public.ensayos_lie
    ADD CONSTRAINT ensayos_lie_usuario_id_469d6a34_fk_auth_user_id FOREIGN KEY (usuario_id) REFERENCES public.auth_user(id) DEFERRABLE INITIALLY DEFERRED;


--
-- Name: ensayos_n1 ensayos_n1_ensayo_id_e9b7e4d7_fk_muestras_listaensayos_id; Type: FK CONSTRAINT; Schema: public; Owner: postgres
--

ALTER TABLE ONLY public.ensayos_n1
    ADD CONSTRAINT ensayos_n1_ensayo_id_e9b7e4d7_fk_muestras_listaensayos_id FOREIGN KEY (ensayo_id) REFERENCES public.muestras_listaensayos(id) DEFERRABLE INITIALLY DEFERRED;


--
-- Name: ensayos_n1_equipos ensayos_n1_equipos_equipos_id_0876e52f_fk_calidad_equipos_id; Type: FK CONSTRAINT; Schema: public; Owner: postgres
--

ALTER TABLE ONLY public.ensayos_n1_equipos
    ADD CONSTRAINT ensayos_n1_equipos_equipos_id_0876e52f_fk_calidad_equipos_id FOREIGN KEY (equipos_id) REFERENCES public.calidad_equipos(id) DEFERRABLE INITIALLY DEFERRED;


--
-- Name: ensayos_n1_equipos ensayos_n1_equipos_n1_id_da9a85cf_fk_ensayos_n1_id; Type: FK CONSTRAINT; Schema: public; Owner: postgres
--

ALTER TABLE ONLY public.ensayos_n1_equipos
    ADD CONSTRAINT ensayos_n1_equipos_n1_id_da9a85cf_fk_ensayos_n1_id FOREIGN KEY (n1_id) REFERENCES public.ensayos_n1(id) DEFERRABLE INITIALLY DEFERRED;


--
-- Name: ensayos_n1 ensayos_n1_muestra_id_fcc20c99_fk_muestras_muestras_id; Type: FK CONSTRAINT; Schema: public; Owner: postgres
--

ALTER TABLE ONLY public.ensayos_n1
    ADD CONSTRAINT ensayos_n1_muestra_id_fcc20c99_fk_muestras_muestras_id FOREIGN KEY (muestra_id) REFERENCES public.muestras_muestras(id) DEFERRABLE INITIALLY DEFERRED;


--
-- Name: ensayos_n1 ensayos_n1_usuario_id_9a35730d_fk_auth_user_id; Type: FK CONSTRAINT; Schema: public; Owner: postgres
--

ALTER TABLE ONLY public.ensayos_n1
    ADD CONSTRAINT ensayos_n1_usuario_id_9a35730d_fk_auth_user_id FOREIGN KEY (usuario_id) REFERENCES public.auth_user(id) DEFERRABLE INITIALLY DEFERRED;


--
-- Name: ensayos_n2 ensayos_n2_ensayo_id_ffef50a4_fk_muestras_listaensayos_id; Type: FK CONSTRAINT; Schema: public; Owner: postgres
--

ALTER TABLE ONLY public.ensayos_n2
    ADD CONSTRAINT ensayos_n2_ensayo_id_ffef50a4_fk_muestras_listaensayos_id FOREIGN KEY (ensayo_id) REFERENCES public.muestras_listaensayos(id) DEFERRABLE INITIALLY DEFERRED;


--
-- Name: ensayos_n2_equipos ensayos_n2_equipos_equipos_id_f5bdc0c6_fk_calidad_equipos_id; Type: FK CONSTRAINT; Schema: public; Owner: postgres
--

ALTER TABLE ONLY public.ensayos_n2_equipos
    ADD CONSTRAINT ensayos_n2_equipos_equipos_id_f5bdc0c6_fk_calidad_equipos_id FOREIGN KEY (equipos_id) REFERENCES public.calidad_equipos(id) DEFERRABLE INITIALLY DEFERRED;


--
-- Name: ensayos_n2_equipos ensayos_n2_equipos_n2_id_31254172_fk_ensayos_n2_id; Type: FK CONSTRAINT; Schema: public; Owner: postgres
--

ALTER TABLE ONLY public.ensayos_n2_equipos
    ADD CONSTRAINT ensayos_n2_equipos_n2_id_31254172_fk_ensayos_n2_id FOREIGN KEY (n2_id) REFERENCES public.ensayos_n2(id) DEFERRABLE INITIALLY DEFERRED;


--
-- Name: ensayos_n2 ensayos_n2_muestra_id_2296fa94_fk_muestras_muestras_id; Type: FK CONSTRAINT; Schema: public; Owner: postgres
--

ALTER TABLE ONLY public.ensayos_n2
    ADD CONSTRAINT ensayos_n2_muestra_id_2296fa94_fk_muestras_muestras_id FOREIGN KEY (muestra_id) REFERENCES public.muestras_muestras(id) DEFERRABLE INITIALLY DEFERRED;


--
-- Name: ensayos_n2 ensayos_n2_usuario_id_d3d7d322_fk_auth_user_id; Type: FK CONSTRAINT; Schema: public; Owner: postgres
--

ALTER TABLE ONLY public.ensayos_n2
    ADD CONSTRAINT ensayos_n2_usuario_id_d3d7d322_fk_auth_user_id FOREIGN KEY (usuario_id) REFERENCES public.auth_user(id) DEFERRABLE INITIALLY DEFERRED;


--
-- Name: ensayos_n4 ensayos_n4_ensayo_id_5472635b_fk_muestras_listaensayos_id; Type: FK CONSTRAINT; Schema: public; Owner: postgres
--

ALTER TABLE ONLY public.ensayos_n4
    ADD CONSTRAINT ensayos_n4_ensayo_id_5472635b_fk_muestras_listaensayos_id FOREIGN KEY (ensayo_id) REFERENCES public.muestras_listaensayos(id) DEFERRABLE INITIALLY DEFERRED;


--
-- Name: ensayos_n4_equipos ensayos_n4_equipos_equipos_id_c167d3f9_fk_calidad_equipos_id; Type: FK CONSTRAINT; Schema: public; Owner: postgres
--

ALTER TABLE ONLY public.ensayos_n4_equipos
    ADD CONSTRAINT ensayos_n4_equipos_equipos_id_c167d3f9_fk_calidad_equipos_id FOREIGN KEY (equipos_id) REFERENCES public.calidad_equipos(id) DEFERRABLE INITIALLY DEFERRED;


--
-- Name: ensayos_n4_equipos ensayos_n4_equipos_n4_id_9e7130dd_fk_ensayos_n4_id; Type: FK CONSTRAINT; Schema: public; Owner: postgres
--

ALTER TABLE ONLY public.ensayos_n4_equipos
    ADD CONSTRAINT ensayos_n4_equipos_n4_id_9e7130dd_fk_ensayos_n4_id FOREIGN KEY (n4_id) REFERENCES public.ensayos_n4(id) DEFERRABLE INITIALLY DEFERRED;


--
-- Name: ensayos_n4 ensayos_n4_muestra_id_fbefec3a_fk_muestras_muestras_id; Type: FK CONSTRAINT; Schema: public; Owner: postgres
--

ALTER TABLE ONLY public.ensayos_n4
    ADD CONSTRAINT ensayos_n4_muestra_id_fbefec3a_fk_muestras_muestras_id FOREIGN KEY (muestra_id) REFERENCES public.muestras_muestras(id) DEFERRABLE INITIALLY DEFERRED;


--
-- Name: ensayos_n4 ensayos_n4_usuario_id_2bc21854_fk_auth_user_id; Type: FK CONSTRAINT; Schema: public; Owner: postgres
--

ALTER TABLE ONLY public.ensayos_n4
    ADD CONSTRAINT ensayos_n4_usuario_id_2bc21854_fk_auth_user_id FOREIGN KEY (usuario_id) REFERENCES public.auth_user(id) DEFERRABLE INITIALLY DEFERRED;


--
-- Name: ensayos_o1 ensayos_o1_ensayo_id_88d30bec_fk_muestras_listaensayos_id; Type: FK CONSTRAINT; Schema: public; Owner: postgres
--

ALTER TABLE ONLY public.ensayos_o1
    ADD CONSTRAINT ensayos_o1_ensayo_id_88d30bec_fk_muestras_listaensayos_id FOREIGN KEY (ensayo_id) REFERENCES public.muestras_listaensayos(id) DEFERRABLE INITIALLY DEFERRED;


--
-- Name: ensayos_o1_equipos ensayos_o1_equipos_equipos_id_872918f3_fk_calidad_equipos_id; Type: FK CONSTRAINT; Schema: public; Owner: postgres
--

ALTER TABLE ONLY public.ensayos_o1_equipos
    ADD CONSTRAINT ensayos_o1_equipos_equipos_id_872918f3_fk_calidad_equipos_id FOREIGN KEY (equipos_id) REFERENCES public.calidad_equipos(id) DEFERRABLE INITIALLY DEFERRED;


--
-- Name: ensayos_o1_equipos ensayos_o1_equipos_o1_id_c112dddf_fk_ensayos_o1_id; Type: FK CONSTRAINT; Schema: public; Owner: postgres
--

ALTER TABLE ONLY public.ensayos_o1_equipos
    ADD CONSTRAINT ensayos_o1_equipos_o1_id_c112dddf_fk_ensayos_o1_id FOREIGN KEY (o1_id) REFERENCES public.ensayos_o1(id) DEFERRABLE INITIALLY DEFERRED;


--
-- Name: ensayos_o1 ensayos_o1_muestra_id_5a812f5e_fk_muestras_muestras_id; Type: FK CONSTRAINT; Schema: public; Owner: postgres
--

ALTER TABLE ONLY public.ensayos_o1
    ADD CONSTRAINT ensayos_o1_muestra_id_5a812f5e_fk_muestras_muestras_id FOREIGN KEY (muestra_id) REFERENCES public.muestras_muestras(id) DEFERRABLE INITIALLY DEFERRED;


--
-- Name: ensayos_o1 ensayos_o1_usuario_id_ee16ba95_fk_auth_user_id; Type: FK CONSTRAINT; Schema: public; Owner: postgres
--

ALTER TABLE ONLY public.ensayos_o1
    ADD CONSTRAINT ensayos_o1_usuario_id_ee16ba95_fk_auth_user_id FOREIGN KEY (usuario_id) REFERENCES public.auth_user(id) DEFERRABLE INITIALLY DEFERRED;


--
-- Name: ensayos_pmax ensayos_pmax_ensayo_id_1e6e87c7_fk_muestras_listaensayos_id; Type: FK CONSTRAINT; Schema: public; Owner: postgres
--

ALTER TABLE ONLY public.ensayos_pmax
    ADD CONSTRAINT ensayos_pmax_ensayo_id_1e6e87c7_fk_muestras_listaensayos_id FOREIGN KEY (ensayo_id) REFERENCES public.muestras_listaensayos(id) DEFERRABLE INITIALLY DEFERRED;


--
-- Name: ensayos_pmax_equipos ensayos_pmax_equipos_equipos_id_f5c56b7c_fk_calidad_equipos_id; Type: FK CONSTRAINT; Schema: public; Owner: postgres
--

ALTER TABLE ONLY public.ensayos_pmax_equipos
    ADD CONSTRAINT ensayos_pmax_equipos_equipos_id_f5c56b7c_fk_calidad_equipos_id FOREIGN KEY (equipos_id) REFERENCES public.calidad_equipos(id) DEFERRABLE INITIALLY DEFERRED;


--
-- Name: ensayos_pmax_equipos ensayos_pmax_equipos_pmax_id_d5a39a88_fk_ensayos_pmax_id; Type: FK CONSTRAINT; Schema: public; Owner: postgres
--

ALTER TABLE ONLY public.ensayos_pmax_equipos
    ADD CONSTRAINT ensayos_pmax_equipos_pmax_id_d5a39a88_fk_ensayos_pmax_id FOREIGN KEY (pmax_id) REFERENCES public.ensayos_pmax(id) DEFERRABLE INITIALLY DEFERRED;


--
-- Name: ensayos_pmax ensayos_pmax_muestra_id_ba95743b_fk_muestras_muestras_id; Type: FK CONSTRAINT; Schema: public; Owner: postgres
--

ALTER TABLE ONLY public.ensayos_pmax
    ADD CONSTRAINT ensayos_pmax_muestra_id_ba95743b_fk_muestras_muestras_id FOREIGN KEY (muestra_id) REFERENCES public.muestras_muestras(id) DEFERRABLE INITIALLY DEFERRED;


--
-- Name: ensayos_pmax ensayos_pmax_usuario_id_a4ebbad8_fk_auth_user_id; Type: FK CONSTRAINT; Schema: public; Owner: postgres
--

ALTER TABLE ONLY public.ensayos_pmax
    ADD CONSTRAINT ensayos_pmax_usuario_id_a4ebbad8_fk_auth_user_id FOREIGN KEY (usuario_id) REFERENCES public.auth_user(id) DEFERRABLE INITIALLY DEFERRED;


--
-- Name: ensayos_rec ensayos_rec_ensayo_id_9039f90b_fk_muestras_listaensayos_id; Type: FK CONSTRAINT; Schema: public; Owner: postgres
--

ALTER TABLE ONLY public.ensayos_rec
    ADD CONSTRAINT ensayos_rec_ensayo_id_9039f90b_fk_muestras_listaensayos_id FOREIGN KEY (ensayo_id) REFERENCES public.muestras_listaensayos(id) DEFERRABLE INITIALLY DEFERRED;


--
-- Name: ensayos_rec_equipos ensayos_rec_equipos_equipos_id_02e532bb_fk_calidad_equipos_id; Type: FK CONSTRAINT; Schema: public; Owner: postgres
--

ALTER TABLE ONLY public.ensayos_rec_equipos
    ADD CONSTRAINT ensayos_rec_equipos_equipos_id_02e532bb_fk_calidad_equipos_id FOREIGN KEY (equipos_id) REFERENCES public.calidad_equipos(id) DEFERRABLE INITIALLY DEFERRED;


--
-- Name: ensayos_rec_equipos ensayos_rec_equipos_rec_id_1e78fcde_fk_ensayos_rec_id; Type: FK CONSTRAINT; Schema: public; Owner: postgres
--

ALTER TABLE ONLY public.ensayos_rec_equipos
    ADD CONSTRAINT ensayos_rec_equipos_rec_id_1e78fcde_fk_ensayos_rec_id FOREIGN KEY (rec_id) REFERENCES public.ensayos_rec(id) DEFERRABLE INITIALLY DEFERRED;


--
-- Name: ensayos_rec ensayos_rec_muestra_id_d3439f99_fk_muestras_muestras_id; Type: FK CONSTRAINT; Schema: public; Owner: postgres
--

ALTER TABLE ONLY public.ensayos_rec
    ADD CONSTRAINT ensayos_rec_muestra_id_d3439f99_fk_muestras_muestras_id FOREIGN KEY (muestra_id) REFERENCES public.muestras_muestras(id) DEFERRABLE INITIALLY DEFERRED;


--
-- Name: ensayos_rec ensayos_rec_usuario_id_8dc97afd_fk_auth_user_id; Type: FK CONSTRAINT; Schema: public; Owner: postgres
--

ALTER TABLE ONLY public.ensayos_rec
    ADD CONSTRAINT ensayos_rec_usuario_id_8dc97afd_fk_auth_user_id FOREIGN KEY (usuario_id) REFERENCES public.auth_user(id) DEFERRABLE INITIALLY DEFERRED;


--
-- Name: ensayos_resultadosclo ensayos_resultadosclo_ensayo_id_f7263ad1_fk_ensayos_clo_id; Type: FK CONSTRAINT; Schema: public; Owner: postgres
--

ALTER TABLE ONLY public.ensayos_resultadosclo
    ADD CONSTRAINT ensayos_resultadosclo_ensayo_id_f7263ad1_fk_ensayos_clo_id FOREIGN KEY (ensayo_id) REFERENCES public.ensayos_clo(id) DEFERRABLE INITIALLY DEFERRED;


--
-- Name: ensayos_resultadosemisin ensayos_resultadosem_ensayo_id_78df2906_fk_ensayos_e; Type: FK CONSTRAINT; Schema: public; Owner: postgres
--

ALTER TABLE ONLY public.ensayos_resultadosemisin
    ADD CONSTRAINT ensayos_resultadosem_ensayo_id_78df2906_fk_ensayos_e FOREIGN KEY (ensayo_id) REFERENCES public.ensayos_emisin(id) DEFERRABLE INITIALLY DEFERRED;


--
-- Name: ensayos_resultadosemi ensayos_resultadosemi_ensayo_id_ab57061d_fk_ensayos_emi_id; Type: FK CONSTRAINT; Schema: public; Owner: postgres
--

ALTER TABLE ONLY public.ensayos_resultadosemi
    ADD CONSTRAINT ensayos_resultadosemi_ensayo_id_ab57061d_fk_ensayos_emi_id FOREIGN KEY (ensayo_id) REFERENCES public.ensayos_emi(id) DEFERRABLE INITIALLY DEFERRED;


--
-- Name: ensayos_resultadoshumedad ensayos_resultadoshu_ensayo_id_f035deef_fk_ensayos_h; Type: FK CONSTRAINT; Schema: public; Owner: postgres
--

ALTER TABLE ONLY public.ensayos_resultadoshumedad
    ADD CONSTRAINT ensayos_resultadoshu_ensayo_id_f035deef_fk_ensayos_h FOREIGN KEY (ensayo_id) REFERENCES public.ensayos_humedad(id) DEFERRABLE INITIALLY DEFERRED;


--
-- Name: ensayos_resultadoslie ensayos_resultadoslie_ensayo_id_d1209c63_fk_ensayos_lie_id; Type: FK CONSTRAINT; Schema: public; Owner: postgres
--

ALTER TABLE ONLY public.ensayos_resultadoslie
    ADD CONSTRAINT ensayos_resultadoslie_ensayo_id_d1209c63_fk_ensayos_lie_id FOREIGN KEY (ensayo_id) REFERENCES public.ensayos_lie(id) DEFERRABLE INITIALLY DEFERRED;


--
-- Name: ensayos_resultadosn1 ensayos_resultadosn1_ensayo_id_c83545ed_fk_ensayos_n1_id; Type: FK CONSTRAINT; Schema: public; Owner: postgres
--

ALTER TABLE ONLY public.ensayos_resultadosn1
    ADD CONSTRAINT ensayos_resultadosn1_ensayo_id_c83545ed_fk_ensayos_n1_id FOREIGN KEY (ensayo_id) REFERENCES public.ensayos_n1(id) DEFERRABLE INITIALLY DEFERRED;


--
-- Name: ensayos_resultadosn2 ensayos_resultadosn2_ensayo_id_3b5466cc_fk_ensayos_n2_id; Type: FK CONSTRAINT; Schema: public; Owner: postgres
--

ALTER TABLE ONLY public.ensayos_resultadosn2
    ADD CONSTRAINT ensayos_resultadosn2_ensayo_id_3b5466cc_fk_ensayos_n2_id FOREIGN KEY (ensayo_id) REFERENCES public.ensayos_n2(id) DEFERRABLE INITIALLY DEFERRED;


--
-- Name: ensayos_resultadosn4 ensayos_resultadosn4_ensayo_id_fb8e514e_fk_ensayos_n4_id; Type: FK CONSTRAINT; Schema: public; Owner: postgres
--

ALTER TABLE ONLY public.ensayos_resultadosn4
    ADD CONSTRAINT ensayos_resultadosn4_ensayo_id_fb8e514e_fk_ensayos_n4_id FOREIGN KEY (ensayo_id) REFERENCES public.ensayos_n4(id) DEFERRABLE INITIALLY DEFERRED;


--
-- Name: ensayos_resultadoso1 ensayos_resultadoso1_ensayo_id_6bffbbd4_fk_ensayos_o1_id; Type: FK CONSTRAINT; Schema: public; Owner: postgres
--

ALTER TABLE ONLY public.ensayos_resultadoso1
    ADD CONSTRAINT ensayos_resultadoso1_ensayo_id_6bffbbd4_fk_ensayos_o1_id FOREIGN KEY (ensayo_id) REFERENCES public.ensayos_o1(id) DEFERRABLE INITIALLY DEFERRED;


--
-- Name: ensayos_resultadospmax ensayos_resultadospmax_ensayo_id_8cf3388d_fk_ensayos_pmax_id; Type: FK CONSTRAINT; Schema: public; Owner: postgres
--

ALTER TABLE ONLY public.ensayos_resultadospmax
    ADD CONSTRAINT ensayos_resultadospmax_ensayo_id_8cf3388d_fk_ensayos_pmax_id FOREIGN KEY (ensayo_id) REFERENCES public.ensayos_pmax(id) DEFERRABLE INITIALLY DEFERRED;


--
-- Name: ensayos_resultadosrec ensayos_resultadosrec_ensayo_id_13bb5544_fk_ensayos_rec_id; Type: FK CONSTRAINT; Schema: public; Owner: postgres
--

ALTER TABLE ONLY public.ensayos_resultadosrec
    ADD CONSTRAINT ensayos_resultadosrec_ensayo_id_13bb5544_fk_ensayos_rec_id FOREIGN KEY (ensayo_id) REFERENCES public.ensayos_rec(id) DEFERRABLE INITIALLY DEFERRED;


--
-- Name: ensayos_resultadostmic ensayos_resultadostmic_ensayo_id_8f8036d7_fk_ensayos_tmic_id; Type: FK CONSTRAINT; Schema: public; Owner: postgres
--

ALTER TABLE ONLY public.ensayos_resultadostmic
    ADD CONSTRAINT ensayos_resultadostmic_ensayo_id_8f8036d7_fk_ensayos_tmic_id FOREIGN KEY (ensayo_id) REFERENCES public.ensayos_tmic(id) DEFERRABLE INITIALLY DEFERRED;


--
-- Name: ensayos_resultadostmin ensayos_resultadostmin_ensayo_id_d86e554c_fk_ensayos_tmin_id; Type: FK CONSTRAINT; Schema: public; Owner: postgres
--

ALTER TABLE ONLY public.ensayos_resultadostmin
    ADD CONSTRAINT ensayos_resultadostmin_ensayo_id_d86e554c_fk_ensayos_tmin_id FOREIGN KEY (ensayo_id) REFERENCES public.ensayos_tmin(id) DEFERRABLE INITIALLY DEFERRED;


--
-- Name: ensayos_tmic ensayos_tmic_ensayo_id_be0a9233_fk_muestras_listaensayos_id; Type: FK CONSTRAINT; Schema: public; Owner: postgres
--

ALTER TABLE ONLY public.ensayos_tmic
    ADD CONSTRAINT ensayos_tmic_ensayo_id_be0a9233_fk_muestras_listaensayos_id FOREIGN KEY (ensayo_id) REFERENCES public.muestras_listaensayos(id) DEFERRABLE INITIALLY DEFERRED;


--
-- Name: ensayos_tmic_equipos ensayos_tmic_equipos_equipos_id_dde89039_fk_calidad_equipos_id; Type: FK CONSTRAINT; Schema: public; Owner: postgres
--

ALTER TABLE ONLY public.ensayos_tmic_equipos
    ADD CONSTRAINT ensayos_tmic_equipos_equipos_id_dde89039_fk_calidad_equipos_id FOREIGN KEY (equipos_id) REFERENCES public.calidad_equipos(id) DEFERRABLE INITIALLY DEFERRED;


--
-- Name: ensayos_tmic_equipos ensayos_tmic_equipos_tmic_id_ea6d69a4_fk_ensayos_tmic_id; Type: FK CONSTRAINT; Schema: public; Owner: postgres
--

ALTER TABLE ONLY public.ensayos_tmic_equipos
    ADD CONSTRAINT ensayos_tmic_equipos_tmic_id_ea6d69a4_fk_ensayos_tmic_id FOREIGN KEY (tmic_id) REFERENCES public.ensayos_tmic(id) DEFERRABLE INITIALLY DEFERRED;


--
-- Name: ensayos_tmic ensayos_tmic_muestra_id_a401843d_fk_muestras_muestras_id; Type: FK CONSTRAINT; Schema: public; Owner: postgres
--

ALTER TABLE ONLY public.ensayos_tmic
    ADD CONSTRAINT ensayos_tmic_muestra_id_a401843d_fk_muestras_muestras_id FOREIGN KEY (muestra_id) REFERENCES public.muestras_muestras(id) DEFERRABLE INITIALLY DEFERRED;


--
-- Name: ensayos_tmic ensayos_tmic_usuario_id_da2c80f7_fk_auth_user_id; Type: FK CONSTRAINT; Schema: public; Owner: postgres
--

ALTER TABLE ONLY public.ensayos_tmic
    ADD CONSTRAINT ensayos_tmic_usuario_id_da2c80f7_fk_auth_user_id FOREIGN KEY (usuario_id) REFERENCES public.auth_user(id) DEFERRABLE INITIALLY DEFERRED;


--
-- Name: ensayos_tmin ensayos_tmin_ensayo_id_ca2c67f3_fk_muestras_listaensayos_id; Type: FK CONSTRAINT; Schema: public; Owner: postgres
--

ALTER TABLE ONLY public.ensayos_tmin
    ADD CONSTRAINT ensayos_tmin_ensayo_id_ca2c67f3_fk_muestras_listaensayos_id FOREIGN KEY (ensayo_id) REFERENCES public.muestras_listaensayos(id) DEFERRABLE INITIALLY DEFERRED;


--
-- Name: ensayos_tmin_equipos ensayos_tmin_equipos_equipos_id_c2a2ebf4_fk_calidad_equipos_id; Type: FK CONSTRAINT; Schema: public; Owner: postgres
--

ALTER TABLE ONLY public.ensayos_tmin_equipos
    ADD CONSTRAINT ensayos_tmin_equipos_equipos_id_c2a2ebf4_fk_calidad_equipos_id FOREIGN KEY (equipos_id) REFERENCES public.calidad_equipos(id) DEFERRABLE INITIALLY DEFERRED;


--
-- Name: ensayos_tmin_equipos ensayos_tmin_equipos_tmin_id_9432d20e_fk_ensayos_tmin_id; Type: FK CONSTRAINT; Schema: public; Owner: postgres
--

ALTER TABLE ONLY public.ensayos_tmin_equipos
    ADD CONSTRAINT ensayos_tmin_equipos_tmin_id_9432d20e_fk_ensayos_tmin_id FOREIGN KEY (tmin_id) REFERENCES public.ensayos_tmin(id) DEFERRABLE INITIALLY DEFERRED;


--
-- Name: ensayos_tmin ensayos_tmin_muestra_id_b34170a3_fk_muestras_muestras_id; Type: FK CONSTRAINT; Schema: public; Owner: postgres
--

ALTER TABLE ONLY public.ensayos_tmin
    ADD CONSTRAINT ensayos_tmin_muestra_id_b34170a3_fk_muestras_muestras_id FOREIGN KEY (muestra_id) REFERENCES public.muestras_muestras(id) DEFERRABLE INITIALLY DEFERRED;


--
-- Name: ensayos_tmin ensayos_tmin_usuario_id_cb0cf0af_fk_auth_user_id; Type: FK CONSTRAINT; Schema: public; Owner: postgres
--

ALTER TABLE ONLY public.ensayos_tmin
    ADD CONSTRAINT ensayos_tmin_usuario_id_cb0cf0af_fk_auth_user_id FOREIGN KEY (usuario_id) REFERENCES public.auth_user(id) DEFERRABLE INITIALLY DEFERRED;


--
-- Name: ensayos_tratamiento_equipoSecado ensayos_tratamiento__equipos_id_0da75d47_fk_calidad_e; Type: FK CONSTRAINT; Schema: public; Owner: postgres
--

ALTER TABLE ONLY public."ensayos_tratamiento_equipoSecado"
    ADD CONSTRAINT ensayos_tratamiento__equipos_id_0da75d47_fk_calidad_e FOREIGN KEY (equipos_id) REFERENCES public.calidad_equipos(id) DEFERRABLE INITIALLY DEFERRED;


--
-- Name: ensayos_tratamiento_equipoTamizado ensayos_tratamiento__equipos_id_41bfe4d4_fk_calidad_e; Type: FK CONSTRAINT; Schema: public; Owner: postgres
--

ALTER TABLE ONLY public."ensayos_tratamiento_equipoTamizado"
    ADD CONSTRAINT ensayos_tratamiento__equipos_id_41bfe4d4_fk_calidad_e FOREIGN KEY (equipos_id) REFERENCES public.calidad_equipos(id) DEFERRABLE INITIALLY DEFERRED;


--
-- Name: ensayos_tratamiento_equipoMolido ensayos_tratamiento__equipos_id_de5b83a3_fk_calidad_e; Type: FK CONSTRAINT; Schema: public; Owner: postgres
--

ALTER TABLE ONLY public."ensayos_tratamiento_equipoMolido"
    ADD CONSTRAINT ensayos_tratamiento__equipos_id_de5b83a3_fk_calidad_e FOREIGN KEY (equipos_id) REFERENCES public.calidad_equipos(id) DEFERRABLE INITIALLY DEFERRED;


--
-- Name: ensayos_tratamiento_equipoSecado ensayos_tratamiento__tratamiento_id_6365af72_fk_ensayos_t; Type: FK CONSTRAINT; Schema: public; Owner: postgres
--

ALTER TABLE ONLY public."ensayos_tratamiento_equipoSecado"
    ADD CONSTRAINT ensayos_tratamiento__tratamiento_id_6365af72_fk_ensayos_t FOREIGN KEY (tratamiento_id) REFERENCES public.ensayos_tratamiento(id) DEFERRABLE INITIALLY DEFERRED;


--
-- Name: ensayos_tratamiento_equipoMolido ensayos_tratamiento__tratamiento_id_7f158cc7_fk_ensayos_t; Type: FK CONSTRAINT; Schema: public; Owner: postgres
--

ALTER TABLE ONLY public."ensayos_tratamiento_equipoMolido"
    ADD CONSTRAINT ensayos_tratamiento__tratamiento_id_7f158cc7_fk_ensayos_t FOREIGN KEY (tratamiento_id) REFERENCES public.ensayos_tratamiento(id) DEFERRABLE INITIALLY DEFERRED;


--
-- Name: ensayos_tratamiento_equipoTamizado ensayos_tratamiento__tratamiento_id_8ffc73f1_fk_ensayos_t; Type: FK CONSTRAINT; Schema: public; Owner: postgres
--

ALTER TABLE ONLY public."ensayos_tratamiento_equipoTamizado"
    ADD CONSTRAINT ensayos_tratamiento__tratamiento_id_8ffc73f1_fk_ensayos_t FOREIGN KEY (tratamiento_id) REFERENCES public.ensayos_tratamiento(id) DEFERRABLE INITIALLY DEFERRED;


--
-- Name: ensayos_tratamiento ensayos_tratamiento_ensayo_id_fadb0629_fk_muestras_; Type: FK CONSTRAINT; Schema: public; Owner: postgres
--

ALTER TABLE ONLY public.ensayos_tratamiento
    ADD CONSTRAINT ensayos_tratamiento_ensayo_id_fadb0629_fk_muestras_ FOREIGN KEY (ensayo_id) REFERENCES public.muestras_listaensayos(id) DEFERRABLE INITIALLY DEFERRED;


--
-- Name: ensayos_tratamiento ensayos_tratamiento_muestra_id_8352bcf0_fk_muestras_muestras_id; Type: FK CONSTRAINT; Schema: public; Owner: postgres
--

ALTER TABLE ONLY public.ensayos_tratamiento
    ADD CONSTRAINT ensayos_tratamiento_muestra_id_8352bcf0_fk_muestras_muestras_id FOREIGN KEY (muestra_id) REFERENCES public.muestras_muestras(id) DEFERRABLE INITIALLY DEFERRED;


--
-- Name: ensayos_tratamiento ensayos_tratamiento_tamiz_id_6df747f8_fk_calidad_e; Type: FK CONSTRAINT; Schema: public; Owner: postgres
--

ALTER TABLE ONLY public.ensayos_tratamiento
    ADD CONSTRAINT ensayos_tratamiento_tamiz_id_6df747f8_fk_calidad_e FOREIGN KEY (tamiz_id) REFERENCES public.calidad_equipoasociado(id) DEFERRABLE INITIALLY DEFERRED;


--
-- Name: ensayos_tratamiento ensayos_tratamiento_usuario_id_91301f6f_fk_auth_user_id; Type: FK CONSTRAINT; Schema: public; Owner: postgres
--

ALTER TABLE ONLY public.ensayos_tratamiento
    ADD CONSTRAINT ensayos_tratamiento_usuario_id_91301f6f_fk_auth_user_id FOREIGN KEY (usuario_id) REFERENCES public.auth_user(id) DEFERRABLE INITIALLY DEFERRED;


--
-- Name: expedientes_expedientes expedientes_expedien_empresa_id_26408bcd_fk_expedient; Type: FK CONSTRAINT; Schema: public; Owner: postgres
--

ALTER TABLE ONLY public.expedientes_expedientes
    ADD CONSTRAINT expedientes_expedien_empresa_id_26408bcd_fk_expedient FOREIGN KEY (empresa_id) REFERENCES public.expedientes_empresa(id) DEFERRABLE INITIALLY DEFERRED;


--
-- Name: muestras_descripcionmuestra muestras_descripcion_muestra_id_163ddb38_fk_muestras_; Type: FK CONSTRAINT; Schema: public; Owner: postgres
--

ALTER TABLE ONLY public.muestras_descripcionmuestra
    ADD CONSTRAINT muestras_descripcion_muestra_id_163ddb38_fk_muestras_ FOREIGN KEY (muestra_id) REFERENCES public.muestras_muestras(id) DEFERRABLE INITIALLY DEFERRED;


--
-- Name: muestras_descripcionmuestra muestras_descripcionmuestra_usuario_id_6602c009_fk_auth_user_id; Type: FK CONSTRAINT; Schema: public; Owner: postgres
--

ALTER TABLE ONLY public.muestras_descripcionmuestra
    ADD CONSTRAINT muestras_descripcionmuestra_usuario_id_6602c009_fk_auth_user_id FOREIGN KEY (usuario_id) REFERENCES public.auth_user(id) DEFERRABLE INITIALLY DEFERRED;


--
-- Name: muestras_muestras muestras_muestras_empresa_id_9c931762_fk_expedientes_empresa_id; Type: FK CONSTRAINT; Schema: public; Owner: postgres
--

ALTER TABLE ONLY public.muestras_muestras
    ADD CONSTRAINT muestras_muestras_empresa_id_9c931762_fk_expedientes_empresa_id FOREIGN KEY (empresa_id) REFERENCES public.expedientes_empresa(id) DEFERRABLE INITIALLY DEFERRED;


--
-- Name: muestras_muestras muestras_muestras_expediente_id_187df0d4_fk_expedient; Type: FK CONSTRAINT; Schema: public; Owner: postgres
--

ALTER TABLE ONLY public.muestras_muestras
    ADD CONSTRAINT muestras_muestras_expediente_id_187df0d4_fk_expedient FOREIGN KEY (expediente_id) REFERENCES public.expedientes_expedientes(id) DEFERRABLE INITIALLY DEFERRED;


--
-- Name: muestras_muestras_listaEnsayos muestras_muestras_li_listaensayos_id_76a2f46c_fk_muestras_; Type: FK CONSTRAINT; Schema: public; Owner: postgres
--

ALTER TABLE ONLY public."muestras_muestras_listaEnsayos"
    ADD CONSTRAINT muestras_muestras_li_listaensayos_id_76a2f46c_fk_muestras_ FOREIGN KEY (listaensayos_id) REFERENCES public.muestras_listaensayos(id) DEFERRABLE INITIALLY DEFERRED;


--
-- Name: muestras_muestras_listaEnsayos muestras_muestras_li_muestras_id_e0ca44e3_fk_muestras_; Type: FK CONSTRAINT; Schema: public; Owner: postgres
--

ALTER TABLE ONLY public."muestras_muestras_listaEnsayos"
    ADD CONSTRAINT muestras_muestras_li_muestras_id_e0ca44e3_fk_muestras_ FOREIGN KEY (muestras_id) REFERENCES public.muestras_muestras(id) DEFERRABLE INITIALLY DEFERRED;


--
-- Name: pages_firmas pages_firmas_usuario_id_b48420ec_fk_auth_user_id; Type: FK CONSTRAINT; Schema: public; Owner: postgres
--

ALTER TABLE ONLY public.pages_firmas
    ADD CONSTRAINT pages_firmas_usuario_id_b48420ec_fk_auth_user_id FOREIGN KEY (usuario_id) REFERENCES public.auth_user(id) DEFERRABLE INITIALLY DEFERRED;


--
-- PostgreSQL database dump complete
--

